,Date,Study,Study Link,Journal,Study Type,Sample Size,Age,Sample Obtained,Asymptomatic Transmission,Characteristic Related to Question 2,Excerpt,Added On
0,2020-06-11,Pre-symptomatic transmission of SARS-CoV-2 infection: a secondary analysis using published data,https://doi.org/10.1101/2020.05.08.20094870,medRxiv,Systematic Review and Meta-Analysis,17 studies,-,-,range: 0.34-0.81; pooled: 0.56,-,We estimated that the proportion of pre-symptomatic transmission ranged from 33.5% to 80.7% depending on the study analysed. Pooled serial interval based estimates suggested 56.0% pre-symptomatic transmission. Our source level analyses describe a trend in presymptomatic transmission ranging from the greatest proportion in Hong Kong (72.7%) to the smallest proportion in Wuhan (33.5%).,2020-06-16
1,2020-04-10,"Presymptomatic Transmission of SARS-CoV-2 — Singapore, January 23–March 16, 2020",http://dx.doi.org/10.15585/mmwr.mm6914e1,CDC: Morbidity and Mortality Weekly Report,Retrospective Observational Study,157,-,-,0.064,-,"Among the 243 cases of COVID-19 reported in Singapore as of March 16, 157 were locally acquired; 10 of the 157 (6.4%) locally acquired cases are included in these clusters and were attributed to presymptomatic transmission.",2020-05-24
2,2020-03-26,Modes of contact and risk of transmission in COVID-19 among close contacts,https://doi.org/10.1101/2020.03.24.20042606,medRxiv,Prospective Observational Study,305,-,Throat,0.0033,-,"Only 1 (1/305, 0.33%) and 19 (19/576, 3.3%) close contact was infected by asymptomatic and mild source case, and it suggested the limited transmission capacity in asymptomatic and mild cases.",2020-05-10
3,2020-03-15,Temporal dynamics in viral shedding and transmissibility of COVID-19,https://doi.org/10.1038/s41591-020-0869-5,Nature Medicine,Cross Sectional Study,154,Range: 3(mo)-89,-,0.44,-,"The estimated proportion of presymptomatic transmission (area under the curve) was 44% (95% CI, 25–69%)",2020-04-08
4,2020-03-15,Epidemiological characteristics of 2019 novel coronavirus family clustering in Zhejiang Province,https://doi.org/10.3760/cma.j.cn112150-20200227-00199,Chinese Journal of Preventative Medicine,Cross Sectional Study,391,-,-,0.43,-,"Family secondary attack rate for subsequent cases and asymptomatic infected cases are 31.61% and 43.20% respectively, the family secondary attack rate of the spouses of the family index cases is 63.87%, and are higher than that of their children (30.53%), parents (28.37%) and other family members (20.93%), the difference was statistically significant",2020-04-09
5,2020-03-14,Epidemiological parameters of coronavirus disease 2019: a pooled analysis of publicly reported individual data of 1155 cases from seven countries,https://doi.org/10.1101/2020.03.21.20040329,medRxiv,Cross Sectional Study,233,mean: 46; range: 5 days-90,-,0.44,-,"In 102 (43.78%) infector-infectee pairs, transmission occurred before infectors’ symptom onsets.",2020-04-08
6,2020-03-08,Transmission of corona virus disease 2019 during the incubation period may lead to a quarantine loophole,https://doi.org/10.1101/2020.03.06.20031955,medRxiv,Cross Sectional Study,124,median: 41; range: 19-73 (first generation); median: 45; range: 7-83 (second generation),-,0.73,-,"The majority of the secondary cases (73.0%) were infected before the symptom onset of the first-generation cases, while 18.9% and 8.1% were infected on and after the date of the symptom onset of the first-generation cases, respectively",2020-04-08
