,Date,Study,Study Link,Journal,Study Type,Factors,Influential,Excerpt,Measure of Evidence,Added on
0,2020-05-16,Modeling the impact of mass influenza vaccination and public health interventions on COVID-19 epidemics with limited detection capability,https://www.sciencedirect.com/science/article/pii/S0025556420300638?v=s5,Elsevier,Modeling,contact rate,Y,"If 𝑟𝑐 increases by 5 times, the cumulative number of confirmed cases will decrease by 93.6%",Countries: China; Timeline: January 23rd to March 29th 2020,5/27/20
1,2020-05-15,"A model for COVID-19 with isolation, quarantine and testing as control measures",https://arxiv.org/pdf/2005.07661v1.pdf,ArXiv,Modeling,isolation (social distancing),Y,"The mild lockdown of A2 reduces more than half of the infections w.r.t. the no action situation A1, while the strict lockdowns A3 and A4 induce a reduction of the order of 10−2 in total recovered, deaths and positive tests. In this particular scenario, people that are not in isolation have nearly 6 times more chance to be infected.",Timeline: February 15th - May 6th,5/27/20
2,2020-05-11,Social Distancing is Effective at Mitigating COVID-19 Transmission in the United States,http://medrxiv.org/cgi/content/short/2020.05.07.20092353v1?rss=1,MedRxiv,Other,"social distancing (number of individual trips made in each county, each day)",Y,"Our analysis reveals that social distancing is strongly correlated with decreased COVID-19 case growth rates for the 25 most affected counties in the United States, with a lag period consistent with the incubation time of SARS-CoV-2. We also demonstrate evidence that social distancing was already under way in many U.S. counties before county and state-level policies were implemented. This study strongly supports social distancing as an effective way to mitigate COVID-19 transmission in the United States.","Countries: United States; Timeline: January 1 through April 20, 2020",5/31/20
3,2020-05-09,Impacts of social and economic factors on the transmission of coronavirus disease 2019 (COVID-19) in China,https://doi.org/10.1007/s00148-020-00778-2,J Popul Econ,Modeling,social distancing in local communities,Y,"After controlling for time-invariant city fixed effects and time effects that are common to all cities, on average, one new infection leads to 1.142 more cases in the next week, but 0.824 fewer cases 1 week later. The negative effect can be attributed to the fact that both local authorities and residents would have taken more protective measures in response to a higher perceived risk of contracting the virus given more time.","Countries: China; Timeline: January 19 - February 29, 2020",5/31/20
4,2020-05-08,A multi-region discrete time mathematical modeling of the dynamics of Covid-19 virus propagation using optimal control,https://doi.org/10.1007/s12190-020-01354-3,J Appl Math Comput,Modeling,implementation of healthy protocol programs and awareness campaigns,Y,Figure 6 shows that the number of the exposed individuals in region1 decreased from 868.52 (without controls) to 804.34 (with controls) at the end of the implementation of the proposed strategy. Figure 7 demonstrates that the number of the infected individuals in region 1 decreases from 657.01 (without controls) to 608.64 (with controls) at the end of the implementation of the proposed strategy.,-,5/28/20
5,2020-05-05,Evaluation of effects of public health interventions on COVID-19 transmission for Pakistan: A mathematical simulation study,http://medrxiv.org/cgi/content/short/2020.04.30.20086447v1?rss=1,MedRxiv,Modeling,flexible social distancing,Y,"With flexible social distancing (Scenario 4), the estimated total number of cumulative case fatalities is higher estimated at 3,995.","Countries: Pakistan; Timeline: beginning on April 5th, 2020 run for one calendar year",5/28/20
6,2020-05-04,A stochastic epidemic model of COVID-19 disease,https://arxiv.org/pdf/2005.02859v2.pdf,ArXiv,Modeling,influence of number of contacts,Y,"We consider the dependence on the number of contacts on the evolution of the disease when N = 10, 5, 4 and 3. Let us point out that when N = 5 in one of the 30 simulations the epidemic did not go forward when N = 4 it happened in two cases. On the other hand, when N = 3 and with our initial conditions, only in 1 of the 30 simulations the disease went on.",Closed population of 10000 inhabitants; Timeline: 180 days,5/28/20
7,2020-04-30,COVID-19 Control Strategies and Intervention Effects in Resource Limited Settings: A Modeling Study,http://medrxiv.org/cgi/content/short/2020.04.26.20079673v1?rss=1,MedRxiv,Modeling,"physical distancing defined as avoiding large gatherings, no handshake, minimizing physical proximity)",Y,Year-long physical distancing measures will reduce peak demand to 36% (IQR 23%-46%) and annual morality to 67% (IQR 48%-77%) of base scenario.,Countries: Nepal; City: Kathmandu; Timeline: beginning on March 24,5/28/20
8,2020-04-29,Investigating duration and intensity of Covid-19 social-distancing strategies,http://medrxiv.org/cgi/content/short/2020.04.24.20078022v1?rss=1,MedRxiv,Modeling,contact reduction policies,Y,"Social contact reduction and associated reduction in R push new 160 infections further into the future. Hence, the more intense the social distancing measures in terms of contact reduction, the longer the duration needs to be to have an 162 added value; i.e. a relatively lower fatality rate. In other words, the harder you break, the longer it takes. For instance, 40% contact reduction needs to be applied for additional 600 days to 165 outperform a 30% contact reduction in scenario 2 (see Fig. 6). The lower the basic reproduction in the scenarios, the larger the time lag associated with an intensification of social distancing (see Fig. 6, scenarios 1, 2, 4, 5 and 6).",-,5/31/20
9,2020-04-28,Strong correlations between power-law growth of COVID-19 in four continents and the inefficiency of soft quarantine strategies,https://doi.org/10.1063/5.0009454,Chaos,Modeling,large social distance,Y,"The light blue curves, related to large social distance (θ=0.8), are the most efficient scenarios to induce an accentuated reduction of the growth and a fast convergence to the maximal number of confirmed cases.","Countries: Italy, France; Timeline: beginning on March 28th",5/28/20
10,2020-04-25,Modelling the potential impact of social distancing on the COVID-19 epidemic in South Africa,https://doi.org/10.1101/2020.04.21.20074492,medRxiv,Modeling Study,social distancing i.e. keeping space between yourself and other people outside your home,Y,"Reducing the level of social distancing from 55% to 53% (ρ = 0.47) would increase the number of cumulative cases by about 23% at the end of lock-down on 30 April 2020; Increasing the level of social distancing from 55% to 57% (ρ = 0.43), 59% (ρ = 0.41) and 61% (ρ = 0.39) would avert the cumulative cases by about 18%, 32% and 53% respectively at the end of lockdown on 30 April 2020",Countries: South Africa; Timeline: March 5th (day one) with lockdown initiated on day 21 and ending on 30 April 2020,5/3/20
11,2020-04-22,Mathematical modeling of COVID-19 containment strategies with considerations for limited medical resources,https://doi.org/10.1101/2020.04.17.20068585,medRxiv,Modeling Study,"social distancing, where members of the population systematically reduce their interactions with other to limit the transmission rate of the virus",Y,"the Distancing-SEIRD model predicted the total number on deaths over a six month period with no social distancing to be as high as 130,000 people;  the most strict case of social distancing, with 80% adherence, led to a drastic reduction in the death toll - to under 1000 total deaths over the first six months","Countries: Canada cities: Ontario; Timeline: Jan 25th, 2020 with social distancing beginning on March 17th",5/3/20
12,2020-04-21,Estimating the impact of non-pharmaceutical interventions on documented infections with COVID-19: A cross-country analysis,https://www.medrxiv.org/content/10.1101/2020.04.16.20062141v1.full.pdf,MedRxiv,Modeling Study,prohibition of small gatherings in public or private places,Y,gathering bans (34 %; 95% CI 21-45 %) reduction in the number of new cases,"Countries: United States, Canada, Australia, the EU-15 countries, Norway, and Switzerland; Timeline:  April 15, 2020",5/11/20
13,2020-04-18,Mathematical assessment of the impact of non-pharmaceutical interventions on curtailing the 2019 novel Coronavirus,https://doi.org/10.1101/2020.04.15.20066480,MedRxiv,Modeling,strict social distancing,Y,"The worst-case scenario projections for cumulative mortality (based on the baseline levels of anti-COVID non-pharmaceutical interventions considered in the study) decrease dramatically by 80% and 64%, respectively, if the strict social-distancing measures implemented are maintained until the end of May or June, 2020.",Countries: United States; City: New York,5/28/20
14,2020-04-17,The December 2019 New Corona Virus (SARS-CoV-2) Outbreak: A Behavioral Infectious Disease Policy Model,https://doi.org/10.1101/2020.04.13.20063610,MedRxiv,Modeling,social contact reduction measures,Y,"Figure 8 further highlights the strong interaction effect between behavioral responses to the outbreak. Figure 7 (left) shows the joint effect of social distancing and the threshold for building testing capacity. While a moderate higher/lower response has the effect of reducing (lighter colors)/increasing (darker colors) actual cumulative cases, their joint change strongly amplifies these effects. For example, policies that stimulate social distancing are greatly enhanced when policy makers and citizen have a more accurate perception of the extent of the outbreak.","Regions: Asian, Europe, Africa, North America, South America, Oceania",5/31/20
15,2020-04-14,Optimal Control applied to a SEIR model of 2019-nCoV with social distancing,https://doi.org/10.1101/2020.04.10.20061069,medRxiv,Modeling Study,social distancing i.e. reducing human contact in order to reduce the risk of infectivity,Y,"effective contact rate is unchanged (i.e. σ = 1), peak population infection rate of 9%; σ = 0.75 peak infection rate reduces to 6.3%; σ = 0.5 peak infection rate reduces to 2.6%",-,4/19/20
16,2020-04-14,A Stratified Model to Quantify the Effects of Containment Policies on the Spread of COVID-19,https://doi.org/10.1101/2020.04.10.20060681,medRxiv,Modeling Study,"social distancing defined as interactions of people in [20-70] age range reduced to 20%, interactions of people 70+ reduced to 25%, and interactions of [0-20] age groups decreases to 20%",Y,uncontained: eventual removed ratio 65.29%; maximum instantaneous infectious ratio 11.03%; R0 2.28; social distancing:  eventual removed ratio 9.46%; maximum instantaneous infectious ratio 3.72%; R0 0.49,Countries: Iran Timeline: first 90 days COVID-19 spread,4/19/2020
17,2020-04-14,A Stratified Model to Quantify the Effects of Containment Policies on the Spread of COVID-19,https://doi.org/10.1101/2020.04.10.20060681,medRxiv,Modeling Study,elderly social distancing: interactions of 70+ age groups decreases to 25%,Y,uncontained: eventual removed ratio 65.29%; maximum instantaneous infectious ratio 11.03%; R0 2.28; elderly social distancing: eventual removed ratio 63.36%; maximum instantaneous infectious ratio 8.55%; R0 1.79,Countries: Iran Timeline: first 90 days COVID-19 spread,4/19/2020
18,2020-04-11,Modelling the impact of COVID-19 in Australia to inform transmission reducing measures and health system preparedness,https://doi.org/10.1101/2020.04.07.20056184,MedRxiv,Modeling,social distancing measures,Y,We therefore explored the effects of additional social distancing measures that reduced input reproduction numbers of 25 and 33% on ICU requirements in relation to these same clinical care capacity constraints (Figure 4).,Countries: Australia,5/28/2020
19,2020-04-06,Flattening the curve before it flattens us: hospital critical care capacity limits and mortality from novel coronavirus (SARS-CoV2) cases in US counties,https://doi.org/10.1101/2020.04.01.20049759,MedRxiv,Modeling,contact reduction  (through actions of social distancing),Y,"As a measure of actions to flatten the epidemic curve, the difference in excess deaths between a 0% and a 50% contact reduction ranged from an estimated 12,203 to 19,594 excess deaths averted over a month.","Countries: United States Timeline: February 21, 2020 to April 24, 2020",5/31/20
20,2020-03-31,COVID-19 infection and recovery in various countries: Modeling the dynamics and evaluating the non-pharmaceutical mitigation scenarios,https://arxiv.org/abs/2003.13901,ARxiv,Modeling Study,social distancing,Y,No quarantine: 6.6% of the population never infected ; Social distancing: 27.3% of the population never infected,-,5/3/20
21,2020-03-31,The SARS-CoV-2 epidemic outbreak: a review of plausible scenarios of containment and mitigation for Mexico,https://doi.org/10.1101/2020.03.28.20046276,MedRxiv,Modeling,"physical isolation, avoidance of public gatherings",Y,"Figure 14 shows the case when 99% of population is isolated. We can see that the peak incidence occurs 2 days after isolation began (January 26th) indicating that the isolation process promotes an earlier decrease in incidence. This scenario underlines the importance of taking contingency measures with due anticipation, otherwise the number of cases will notoriously increase","Countries: Mexico; Timeline: February 28, 2020 to March 26, 2020",5/28/20
22,2020-03-25,"The effect of control strategies to reduce social mixing on outcomes of the COVID-19 epidemic in Wuhan, China",https://doi.org/10.1016/S2468-2667(20)30073-6,Lancet Pub Health,Modeling Study,physical distancing measures,Y,"N/A; 92% reduction in infections (IQR 66–97) and 24% (13–90) in mid-2020 and end-2020,",Countries: China; cities: Wuhan; Timeline: 1 year modeling period,4/10/20
23,2020-03-23,Effectiveness and cost-effectiveness of public health measures to control COVID-19: a modelling study,https://www.medrxiv.org/content/10.1101/2020.03.20.20039644v2,medRxiv,Modeling Study,community containment,Y,"N/A; The effective reproduction number (Re) was 1.84 (95%CI: 1.81, 1.87) and 3.80 (95%CI: 3.53, 4.06) respectively when the transmission constant was one in scenario I and II (Additional file 1: Table S4). Varying the transmission constant from the 0.25 to two, the isolation-and-quarantine was the most cost-effective single intervention, and program A was the most cost-effective joint intervention.",-,4/8/20
24,2020-03-23,The Effectiveness of Social Distancing in Mitigating COVID-19 Spread: a modelling analysis,https://doi.org/10.1101/2020.03.20.20040055,medRxiv,Modeling Study,community contact reduction i.e. social distancing measures aimed at preventing onward person-to-person virus transmission by minimizing contact,Y,"66% infection rate (179,788 infected individuals) - no activation delay; 30% Community contact reduction (CCR) : 53.45% IR (145,592) 50% CCR: 41.45% IR (113,149) 70% CCR: 23.67% IR (64,492)",Countries: Australia; cities: Newcastle; Timeline: 10 weeks,4/8/20
25,2020-03-23,The Effectiveness of Social Distancing in Mitigating COVID-19 Spread: a modelling analysis,https://doi.org/10.1101/2020.03.20.20040055,medRxiv,Modeling Study,community contact reduction i.e. social distancing measures aimed at preventing onward person-to-person virus transmission by minimizing contact,Y,"1 week delay: 30% CCR: 53.47% IR (145,647); 50% CCR: 41.57% IR (113,230); 70% CCR: 23.47% IR (64,492)",Countries: Australia; cities: Newcastle; Timeline: 10 weeks,4/8/20
26,2020-03-23,The Effectiveness of Social Distancing in Mitigating COVID-19 Spread: a modelling analysis,https://doi.org/10.1101/2020.03.20.20040055,medRxiv,Modeling Study,community contact reduction i.e. social distancing measures aimed at preventing onward person-to-person virus transmission by minimizing contact,Y,"2 week delay: 30% CCR: 53.36% IR (145,364); 50% CCR: 41.66% IR (113,486); 70% CCR: 23.77% IR (64,492)",Countries: Australia; cities: Newcastle; Timeline: 10 weeks,4/8/20
27,2020-03-23,The Effectiveness of Social Distancing in Mitigating COVID-19 Spread: a modelling analysis,https://doi.org/10.1101/2020.03.20.20040055,medRxiv,Modeling Study,community contact reduction i.e. social distancing measures aimed at preventing onward person-to-person virus transmission by minimizing contact,Y,"3 week delay: 30% CCR: 53.42% IR (145,524); 50% CCR: 41.40% IR (112,777); 70% CCR: 23.13% IR (64,492)",Countries: Australia; cities: Newcastle; Timeline: 10 weeks,4/8/20
28,2020-03-23,The Effectiveness of Social Distancing in Mitigating COVID-19 Spread: a modelling analysis,https://doi.org/10.1101/2020.03.20.20040055,medRxiv,Modeling Study,community contact reduction i.e. social distancing measures aimed at preventing onward person-to-person virus transmission by minimizing contact,Y,"4 week delay: 30% CCR: 53.42% IR (145,529); 50% CCR: 41.59% IR (113,303); 70% CCR: 24.10% IR (64,492)",Countries: Australia; cities: Newcastle; Timeline: 10 weeks,4/8/20
29,2020-03-23,The Effectiveness of Social Distancing in Mitigating COVID-19 Spread: a modelling analysis,https://doi.org/10.1101/2020.03.20.20040055,medRxiv,Modeling Study,community contact reduction i.e. social distancing measures aimed at preventing onward person-to-person virus transmission by minimizing contact,Y,"5 week delay: 30% CCR: 53.44% IR (145,586); 50% CCR: 41.44% IR (112,895); 70% CCR: 24.60% IR (64,492)",Countries: Australia; cities: Newcastle; Timeline: 10 weeks,4/8/20
30,2020-03-23,The Effectiveness of Social Distancing in Mitigating COVID-19 Spread: a modelling analysis,https://doi.org/10.1101/2020.03.20.20040055,medRxiv,Modeling Study,community contact reduction i.e. social distancing measures aimed at preventing onward person-to-person virus transmission by minimizing contact,Y,"6 week delay: 30% CCR: 53.47% IR (145,647); 50% CCR: 41.63% IR (113,405); 70% CCR: 24.83% IR (64,492)",Countries: Australia; cities: Newcastle; Timeline: 10 weeks,4/8/20
31,2020-03-23,The Effectiveness of Social Distancing in Mitigating COVID-19 Spread: a modelling analysis,https://doi.org/10.1101/2020.03.20.20040055,medRxiv,Modeling Study,community contact reduction i.e. social distancing measures aimed at preventing onward person-to-person virus transmission by minimizing contact,Y,"7 week delay: 30% CCR: 53.65% IR (146,137); 50% CCR: 41.78% IR (113,817); 70% CCR: 25.65% IR (64,492)",Countries: Australia; cities: Newcastle; Timeline: 10 weeks,4/8/20
32,2020-03-23,The Effectiveness of Social Distancing in Mitigating COVID-19 Spread: a modelling analysis,https://doi.org/10.1101/2020.03.20.20040055,medRxiv,Modeling Study,community contact reduction i.e. social distancing measures aimed at preventing onward person-to-person virus transmission by minimizing contact,Y,"8 week delay: 30% CCR: 53.53% IR (145,808); 50% CCR: 42.05% IR (114,553); 70% CCR: 26.31% IR (64,492)",Countries: Australia; cities: Newcastle; Timeline: 10 weeks,4/8/20
33,2020-03-23,The Effectiveness of Social Distancing in Mitigating COVID-19 Spread: a modelling analysis,https://doi.org/10.1101/2020.03.20.20040055,medRxiv,Modeling Study,community contact reduction i.e. social distancing measures aimed at preventing onward person-to-person virus transmission by minimizing contact,Y,"9 week delay: 30% CCR: 53.73% IR (146,372); 50% CCR: 42.38% IR (115,440); 70% CCR: 27.07% IR (64,492)",Countries: Australia; cities: Newcastle; Timeline: 10 weeks,4/8/20
34,2020-03-23,The Effectiveness of Social Distancing in Mitigating COVID-19 Spread: a modelling analysis,https://doi.org/10.1101/2020.03.20.20040055,medRxiv,Modeling Study,community contact reduction i.e. social distancing measures aimed at preventing onward person-to-person virus transmission by minimizing contact,Y,"10 week delay: 30% CCR: 53.93% IR (146,912); 50% CCR: 43.01% IR (117,170); 70% CCR: 28.72% IR (64,492)",Countries: Australia; cities: Newcastle; Timeline: 10 weeks,4/8/20
35,2020-03-12,"Revealing the influence of national public health policies for the outbreak of the SARS-CoV-2 epidemic in Wuhan, China through status dynamic modeling",https://doi.org/10.1101/2020.03.10.20032995,medRxiv,Modeling Study,prohibiting public gathering events,Y,"There had already been 4,153 infected people and 6,536 exposed ones with the basic reproduction number of 2.65 before lockdown; , whereas  dropped to 1.98 for the first 30 days after the lockdown. The peak point is Feb. 17th, 2020 with 24,115 infected people and the end point is Jun. 17th, 2020. In t","Countries: China cities: Wuhan; Timeline: Jan. 27th, 2020 - Feb. 2nd, 2020",4/11/20
36,2020-03-06,Effect of non-pharmaceutical interventions for containing the COVID-19 outbreak in China,https://doi.org/10.1101/2020.03.03.20029843,medRxiv,Modeling Study,inner-city contact reduction,Y,"114,325 COVID-19 cases ( [IQR] 76,776 - 164,576); Without inner-city contact reduction, the number of COVID-19 cases would likely have shown a 2.6-fold increase (IQR: 1.7 - 3.7)","Countries: China; Timeline: Feb 29th, 2020",4/8/20
37,2020-02-29,Backcalculating the Incidence of Infection with COVID-19 on the Diamond Princess,https://doi.org/10.3390/jcm9030657,Journal of Clinical Medicine,Modeling Study,movement restriction policy,Y,"Without intervention from 5 February onwards, it was predicted that the cumulative incidence with and without close contact would have been 1373 (95% CI: 570, 2176) and 766 (95% CI: 587, 946) cases, respectively; In the presence of intervention, the cumulative incidence among passengers with and without close contact and crew members were 102, 47 and 48 cases, respectively, as of 24 February 2020",-,4/8/20
