,Date,Study,Study Link,Journal,Study Type,Factors,Influential,Excerpt,Measure of Evidence
0,2020-04-06,Effectiveness of Surgical and Cotton Masks in Blocking SARSCoV-2: A Controlled Comparison in 4 Patients,https://doi.org/10.7326/M20-1342,Annals of Internal Medicine,Prospective observational study,Surgical and cotton masks,N,Neither surgical nor cotton masks effectively filtered SARS–CoV-2 during coughs by infected patients.,n= 4
1,2020-04-03,Respiratory virus shedding in exhaled breath and efficacy of face masks,https://www.nature.com/articles/s41591-020-0843-2,Natural Medicine,Prospective observational study,Surgical masks,Y,"We also demonstrated the efficacy of surgical masks to reduce coronavirus detection and viral copies in large respiratory droplets and in aerosols (Table 1b). This has important implications for control of COVID-19, suggesting that surgical face masks could be used by ill people to reduce onward transmission",n= 246
2,2020-03-02,Can physical interventions help reduce the spread of respiratory viruses?,https://doi.org/10.1002/cca.2965,Cochrane Clinical Answers,Systemic review and meta-analysis,Surgical masks and N95 respirators,Y,"Overall masks were the best performing intervention across populations, settings and threats",studies= 67
3,2020-02-19,Association between 2019-nCoV transmission and N95 respirator use,https://doi.org/10.1101/2020.02.18.20021881,Medrxiv,Retrospective observational study,N95 respirators,Y,"In our study, we found N95 respirators, disinfection and hand washing can help to reduce the risk of 2019-nCoV infection in medical staffs",n= 493
