,Date,Study,Study Link,Journal,Study Type,Addressed Population,Challenge,Solution,Measure of Evidence,Added on
0,2020-04-13,Flattening the Curve by Getting Ahead of It: How the VA Healthcare System Is Leveraging Telehealth to Provide Continued Access to Care for Rural Veterans.,https://doi.org/10.1111/jrh.12449,Journal of Rural Health,Expert Review,Veterans,"As the US scrambles to deliver health care during the COVID-19 pandemic, expanding telehealth services has become the most prominently employed access strategy across the majority of health care systems",VHA has dramically increased telehealth visits so veterans can remain connected and engaged in their care while limiting travel and maintaining social distancing to support efforts of flattening the curve.,-,4/23/2020
1,2020-04-13,Compounding Health Risks and Increased Vulnerability to SARS-CoV-2 for Racial and Ethnic Minorities and Low Socioeconomic Status Individuals in the United States,https://www.preprints.org/manuscript/202004.0234/v1,Preprints,Expert Review,Racial and Ethnic Minorities,Rising wealth inequality and persistent social disparities experienced by racial and ethnic minorities in the US lead to significant vulnerability of racial and ethnic minorities and low socioeconomic status (SES) individuals to pandemic events,"Invest funding heavily in community healthcare systems that serve racial and ethnic minorities and low SES individuals, where the need will be greatest",-,4/23/2020
2,2020-04-12,Mental Health Services in Lombardy during COVID-19 outbreak.,https://dx.doi.org/10.1016%2Fj.psychres.2020.112980,Pyschiatry Research,Expert Review,Psychiatic Illness,"Lombardy is the Region in Italy the most heavily affected by coronavirus disease (COVID-19) contagion. The Regional Health Authority mandates that mental health services should be guaranteed, identifying mental health as a priority for their citizens.","Mental health services can provide care by using increased use of communication resouces, triaging over the telephone, and avoiding close contact in on-site appointments.",-,4/23/2020
3,2020-04-08,"Which Melbourne metropolitan areas are vulnerable to COVID-19 based on age, disability and access to health services? Using spatial analysis to identify service gaps and inform delivery.",https://dx.doi.org/10.1016%2Fj.jpainsymman.2020.03.041,Journal of Pain and Symptom Management,Cross-Sectional Study,Vulnerable Populations,Can Spatial Methods be used to determine which areas are vulnerable?,Spatial methods are increasingly becoming an essential method to inform health service planning and identify vulnerable populations.,countries: Australia,4/23/2020
4,2020-03-31,Telemedicine in the Time of Coronavirus,https://doi.org/10.1016/j.jpainsymman.2020.03.019,Journal of Pain and Symptom Management,Expert Review,Palliative Care,"With the emergence of COVID-19, telemedicine has been catapulted into the role of a critically essential service for patients to help mitigate the spread of COVID19 and preserve valuable personal protective equipment.",Telemedicine is a proven modality for delivering palliative care.,-,4/23/2020
5,2020-03-30,Feeding Low-Income Children during the Covid-19 Pandemic,https://www.nejm.org/doi/full/10.1056/NEJMp2005638,New England Journal of Medicine,Expert Review,Low-income Children,"As Covid-19 spreads throughout the United States, schools and child care facilities are balancing their role of helping to prevent disease transmission with ensuring access to food for children who rely on the federal nutrition safety net",It is critical to ensure that the nutritional needs of vulnerable children are met in order to avoid exacerbating disparities in health and educational attainment for years to come.,-,4/23/2020
