,Date,Study,Study Link,Journal,Study Type,Addressed Population,Challenge,Solution,Measure of Evidence,Added on
0,2020-05-26,Use of a Real-Time Locating System for Contact Tracing of Health Care Workers During the COVID-19 Pandemic at an Infectious Disease Center in Singapore: Validation Study,https://doi.org/10.2196/19437,Journal of Medical Internet Research,Cross-sectional study,Health Care Workers,Contact tracing,"RTLS-based contact tracing showed higher sensitivity and specificity than EMR review. Integration of both methods provided the best performance for rapid contact tracing,",Contact: 796,5/31/2020
1,2020-05-14,Strong Social Distancing Measures In The United States Reduced The COVID-19 Growth Rate,https://doi.org/10.1377/hlthaff.2020.00608,Health Affairs,Prospective observational study,General population,social distancing measures,"potential danger of exponential spread in the absence of interventions, providing relevant information to strategies for restarting economic activity.","Sample size: 182,004",5/31/2020
2,2020-05-12,"Early Transmission Dynamics of COVID-19 in a Southern Hemisphere Setting: Lima-Peru: February 29th-March 30th, 2020",https://doi.org/10.1016/j.idm.2020.05.001,Infectious Disease Modelling,Simulation,General population,daily number of new COVID-19 cases continues to accumulate,school closures and other social distancing interventions have helped slow down the spread of the novel coronavirus,countries: Peru,5/31/2020
3,2020-05-11,Coping With Diabetes During the COVID - 19 Lockdown in India: Results of an Online Pilot Survey,https://doi.org/10.1016/j.dsx.2020.04.053,Diabetology & Metabolic Syndrome,Cross-sectional study,Diabetes/quarantined,management of diabetes,Patients have reported that they were able to maintain proper dietary compliance and be more physically active at home during this lockdown.,Respondents: 100,5/31/2020
4,2020-05-09,To Mask or Not to Mask Children to Overcome COVID-19,https://doi.org/10.1007/s00431-020-03674-9,European Journal of Pediatrics,Expert review,Children,reduce the role of asymptomatic or poorly symptomatic people in SARS-CoV-2 diffusion,systematic adoption of face masks might have important implication for the opening of schools,-,5/31/2020
5,2020-05-08,Criminal Justice-Involved Women Navigate COVID-19: Notes From the Field.,https://doi.org/10.1177/1090198120927304,Health Education Behavior,Case series,Criminal justice involved women,Illuminating disparities between those who can follow recommended actions to prevent infection and those who lack resources to do so.,Concerted efforts are required to reduce inequities that put the 1.3 million U.S. women under criminal justice supervision at risk for infection and mortality.,patients: 35,5/10/2020
6,2020-05-08,"COVID-19 Among Workers in Meat and Poultry Processing Facilities - 19 States, April 2020.",https://doi.org/10.15585/mmwr.mm6918e3,Morbidity and Mortality Weekly Report,Systematic review and meta-analysis,Meat processing workers,Asymptomatic and presymptomatic transmission,"Worker symptom screening programs, policies to discourage working while experiencing symptoms compatible with COVID-19, and social distancing by workers, use of cloth face covers, increased disinfection of high-touch surfaces",facilities: 115; states: 19,5/10/2020
7,2020-05-07,Quantifying the Impact of Physical Distance Measures on the Transmission of COVID-19 in the UK,https://doi.org/10.1186/s12916-020-01597-8,BMC Med,Cross-sectional study,General population,physical distancing policies sufficient,Tracking behavioural change can give a more rapid assessment of the impact of physical distancing measures than routine epidemiological surveillance.,participants: 3824; countries: UK,5/31/2020
8,2020-05-06,Modeling Behavioral Change and COVID-19 Containment in Mexico: A Trade-Off Between Lockdown and Compliance,https://doi.org/10.1016/j.mbs.2020.108370,Mathematical Biosciences,Simulation,General population,reduce community transmission of COVID-19 in Mexico by lowering the effective contact rate.,most likely dates for maximum incidence are between late May and early June,model: SEIR; country: Mexico,5/31/2020
9,2020-05-01,Mathematical Assessment of the Impact of Non-Pharmaceutical Interventions on Curtailing the 2019 Novel Coronavirus,https://doi.org/10.1016/j.mbs.2020.108364,Mathematical Biosciences,Simulation,General population,duration and timing of the relaxation or termination of the strict social-distancing measures are crucially-important,important role social-distancing plays in curtailing the burden of COVID-19,model: mathematical,5/31/2020
10,2020-04-24,The effect of travel restrictions on the spread of the 2019 novel coronavirus (COVID-19) outbreak,https://doi.org/10.1126/science.aba9757,Science,Simulation,General population,-,Travel restrictions,cities: Wuhan,4/23/2020
11,2020-04-23,"Disability, Urban Health Equity, and the Coronavirus Pandemic: Promoting Cities for All.",https://doi.org/10.1007/s11524-020-00437-7,Journal of Urban Health,Expert review,Disabled urban,Persons with disabilities living in cities are disproportionately harmed,"Maintain the status quo, perpetuate even greater spatial segregation and exclusion, or to offer a vision for (re)building our cities to be more inclusive and healthier for all.",studies: 30,5/10/2020
12,2020-04-23,The Role of Community-Wide Wearing of Face Mask for Control of Coronavirus Disease 2019 (COVID-19) Epidemic Due to SARS-CoV-2,https://doi.org/10.1016/j.jinf.2020.04.024,Journal of Infection,Retrospective observational study,Community,effect of community-wide mask usage,Community-wide mask wearing may contribute to the control of COVID-19 by reducing the amount of emission of infected saliva and respiratory droplets from individuals with subclinical or mild COVID-19.,Patients: 961; Countries: Hong Kong,5/31/2020
13,2020-04-23,"Inter Nation Social Lockdown Versus Medical Care Against COVID-19, a Mild Environmental Insight With Special Reference to India",https://doi.org/10.1016/j.scitotenv.2020.138914,Science of the Total Environment,Expert review,General population,-,stringent social distancing via lockdown is highly important to control COVID-19 and also to contribute for self-regeneration of nature.,countries: India,5/31/2020
14,2020-04-21,To Mask or Not to Mask: Modeling the Potential for Face Mask Use by the General Public to Curtail the COVID-19 Pandemic,https://doi.org/10.1016/j.idm.2020.04.001,Infectious Disease Modelling,Simulation,General population,Face mask use by the general public for limiting the spread of the COVID-19 pandemic is controversial,"face masks used in conjunction with other non-pharmaceutical practices (such as social-distancing), and when adoption is nearly universal (nation-wide) and compliance is high.",model: SEIR; states: 2,5/31/2020
15,2020-04-17,"Preparedness, prevention and control of coronavirus disease (COVID-19) for refugees and migrants in non-camp settings",https://www.sciencedirect.com/science/article/pii/S2468266720300736,WHO,Expert review,Refugees,-,"Coordination and planning; Surveillance, case investigation and management, and infection control; Points of entry screening and quarantine safeguards; Risk communication and community engagement; Occupational health and safety measures",model: SEIR,4/23/2020
16,2020-04-15,Personal protective equipment for preventing highly infectious diseases due to exposure to contaminated body fluids in healthcare staff.,https://doi.org/10.1002/14651858.CD011621.pub4,Cochrane Database of Systematic Reviews (CDSR),Systematic review and meta-analysis,Health Care Workers,"More difficult donning or doffing, less user comfort","Face-to-face training in PPE, covering more parts of the body","studies: 24, participants: 2278",4/22/2020
17,2020-04-15,COVID-19 Preparedness in Michigan Nursing Homes.,https://onlinelibrary.wiley.com/doi/pdfdirect/10.1111/jgs.16490,Journal of the American Geriatrics Society (JAGS),Prospective observational study,Nursing homes in MI,Most concerned about staffing and supplies/PPE.,"Pandemic response, including plans to restrict visitors and vendors, be in communication with local hospitals and public health officials, and have a staff member responsible for preparedness.",nursing homes: 130,4/22/2020
18,2020-04-15,Special Article: Risk Communication During COVID-19,https://doi.org/10.1016/j.jaip.2020.04.012,The Journal of Allergy and Clinical Immunology: In Practice,Expert review,General population,"Poor risk communication and heightened risk perception-->hoarding behavior, which can lead to lack of medications and personal protective equipment.","Utilizing social media channels, and ensuring an ongoing consistent media presence; include all stakeholders including members of the allergy community in broader public health messaging.",studies: 36,4/26/2020
19,2020-04-15,Public perceptions and experiences of social distancing and social isolation during the COVID-19 pandemic: A UK-based focus group study,https://doi.org/10.1101/2020.04.10.20061267,medRXiv,Case series,General population,"Initial high levels of support for, and adherence to, social distancing and isolation is likely to wane over time, particularly where end dates are uncertain.",Rapid response in public health programming,participants: 27,4/22/2020
20,2020-04-13,Self-reported compliance and attitudes about social distancing during the COVID-19 outbreak,https://doi.org/10.31219/osf.io/bv28d,Center for Open Science,Prospective observational study,General population,"Found that younger, less educated individuals who do not see social distancing as effective or the norm are currently less likely to fully comply with social distancing recommendations. Barriers such as not being able to tolerate social distancing for a long time prevent individuals from doing so.",Communication campaigns (showing how distancing can help one's family and others) using trusted sources through national news networks and social media,participants: 2251,4/22/2020
21,2020-04-09,Self-Isolation Compliance in the COVID-19 Era Influenced by Compensation: Findings From a Recent Survey In Israel,https://doi.org/10.1377/hlthaff.2020.00382,Health Affairs,Cross-sectional study,General population,-,Providing people with assurances for their livelihood during self-quarantine,participants: 563,4/22/2020
22,2020-04-08,Quarantine Alone or in Combination With Other Public Health Measures to Control COVID-19: A Rapid Review,https://doi.org/10.1002/14651858.cd013574,Cochrane Database of Systematic Reviews (CDSR),Systematic review and meta-analysis,Quarantined population,Current evidence for COVID-19 is limited to modelling studies,Early implementation of quarantine and combining quarantine with other public health measures is important to ensure effectiveness,studies: 29,5/31/2020
23,2020-04-06,Facemasks and similar barriers to prevent respiratory illness such as COVID-19: A rapid systematic review,https://doi.org/10.1101/2020.04.01.20049528,medRXiv,Systematic review and meta-analysis,General population,Evidence is not sufficiently strong to support widespread use of facemasks as a protective measure against COVID-19.,Wearing facemasks for casual community contact,studies: 31,4/22/2020
24,2020-04-06,Political Beliefs affect Compliance with COVID-19 Social Distancing Orders,https://dx.doi.org/10.2139/ssrn.3569098,SSRN,Retrospective observational study,General population,Non-bipartisan leader support or lack of faith in the credibility of officials issuing government orders,Stay-at-home policies,datasets: 4,4/22/2020
25,2020-04-02,The COVID-19 Pandemic: a Call to Action to Identify and Address Racial and Ethnic Disparities,https://link.springer.com/content/pdf/10.1007/s40615-020-00756-0.pdf,Journal of Racial and Ethnic Health Disparities,Systematic review and meta-analysis,Minority populations,"Vulnerable minorities that experience disease burden and social upheaval that includes increased mortality, limited health care access, economic collapse with loss of wages and housing, and an overall lack of resources and equity to sustain in a dynamic crisis.",A National Commission on COVID-19 Racial and Ethnic Health Disparities: a dedicated body to envisage essential recourse and mobilize to action the necessary safeguards,cases: 3141,4/22/2020
26,2020-04-01,Functional Fear Predicts PublicHelath Compliance in the COVID-19 Pandemic,https://doi.org/10.31234/osf.io/jkfu3,PsyArXiv,Cross-sectional study,General population,-,Fear of COVID-19 with no effect of politically-relevant variables,participants: 324,4/22/2020
27,2020-03-31,The effectiveness of moral messages on public health behavioral intentions during the COVID-19 pandemic,https://doi.org/10.31234/osf.io/9yqs8,PsyArXiv,Prospective observational study,General population,-,"Messages focused on duties and responsibilities toward family, friends and fellow citizens",participants: 1032,4/22/2020
28,2020-03-26,Age-structured impact of social distancing on the COVID-19 epidemic in India,https://arxiv.org/pdf/2003.12055.pdf,arXiv preprint,Ecological regression,General population,-,Sustained periods of lockdown with periodic relaxation-->eventual individualised social contact tracing and quarantine,countries: India,4/23/2020
29,2020-03-26,Community pharmacists and communication in the time of COVID-19: Applying the health belief model,https://doi.org/10.1016/j.sapharm.2020.03.017,Research in Social and Administrative Pharmacy,Expert review,Pharmacists,-,Use Health Belief Model (HBM) as a guide,studies: 11,4/23/2020
30,2020-03-25,"The effect of control strategies to reduce social mixing on outcomes of the COVID-19 epidemic in Wuhan, China: a modelling study",https://doi.org/10.1016/S2468-2667(20)30073-6,The Lancet Public Health,Ecological regression,General population,Premature and sudden lifting of interventions,Non-pharmaceutical interventions based on sustained physical distancing to reduce the acute pressure on the health-care system.,cities: Wuhan,4/23/2020
31,2020-03-19,Getting your workplace ready for COVID-19,https://apps.who.int/iris/bitstream/handle/10665/331584/WHO-2019-nCov-workplace-2020.2-eng.pdf,WHO,Expert review,Working population,-,"Prevent the spread in workplace, when organizing meetings and events, during travel",-,4/23/2020
32,2020-03-05,Feasibility of controlling COVID-19 outbreaks by isolation of cases and contacts,https://doi.org/10.1016/S2214-109X(20)30074-7,The Lancet Global Health,Modeling,General population,"Long delays from symptom onset to isolation, fewer cases ascertained by contact tracing, and increasing transmission before symptoms.",Highly effective contact tracing and case isolation,simulations: 1000,4/23/2020
33,2020-02-10,Emojis in public health and how they might be used for hand hygiene and infection prevention and control,https://www.ncbi.nlm.nih.gov/pmc/articles/PMC7011445/,Antimicrobial Resistance and Infection Control,Systematic review and meta-analysis,General population,-,"Emoji use in the medical and public health literature by raising awareness with no language barrier, educating people to adopt healthy behaviors, and enhancing surveillance systems to monitor infectious diseases..",studies: 57,4/26/2020
