,Date,Study,Study Link,Journal,Study Type,Material,Method,Days After Onset/Admission (+) Covid-19 Presence (maximum unless otherwise stated),Property 2,Conclusion,Measure of Evidence,Added on
0,2020-03-26,Viral Kinetics and Antibody Responses in Patients with COVID-19,https://doi.org/10.1101/2020.03.24.20042382,medRxiv,Prospective Cohort,Blood,qRT-PCR confirmed,-,-,"Among the 231 urines and 211 plasmas collected from 67 patients, only 13 urines (5.6%) from 12 patients (18.8%) and 12 plasmas (5.7%) from 9 patients (14.3%) were positive for SARS-CoV-2 RNA",patients: 67,04/08/2020
1,2020-03-11,Comparisons of nucleic acid conversion time of SARS-CoV-2 of different samples in ICU and non-ICU patients,https://www.journalofinfection.com/article/S0163-4453(20)30139-0/fulltext,Journal of Infection,Retrospective Analysis,Blood,RT-PCR confirmed,median: 14.63±5.878,-,"In the tests of blood, the positive rate was 87.5% (7/8) in ICU and 66.7% (16/24) in non-ICU patients respectively.","patients: 32, severity: ICU",04/13/2020
2,2020-03-11,Comparisons of nucleic acid conversion time of SARS-CoV-2 of different samples in ICU and non-ICU patients,https://www.journalofinfection.com/article/S0163-4453(20)30139-0/fulltext,Journal of Infection,Retrospective Analysis,Blood,RT-PCR confirmed,median: 10.17±6.134,-,"In the tests of blood, the positive rate was 87.5% (7/8) in ICU and 66.7% (16/24) in non-ICU patients respectively.","patients: 32, severity: non-ICU",04/13/2020
3,2020-03-03,Epidemiologic Features and Clinical Course of Patients Infected With SARS-CoV-2 in Singapore,https://doi.org/10.1001/jama.2020.3204,JAMA,Descriptive case series,Blood,rRT-PCR confirmed,-,-,Virus was detected by PCR in stool (4/8 patients [50%]) and in whole blood (1/12 [8%]); virus was not detected in urine (0/10 samples),patients: 12,04/08/2020
4,2020-02-26,Detectable 2019-nCoV viral RNA in blood is a strong indicator for the further clinical severity,https://www.tandfonline.com/doi/full/10.1080/22221751.2020.1732837,Emerging Microbes & Infections,Retrospective Analysis,Blood,rRT-PCR confirmed,-,-,"In the 57, 6 cases were detected to be blood positive, all of them (100%) were severe in symptom requiring special care attention, and the blood of the rest 51 cases was without detectable virus in the blood, only 12 of them (23.5%) were severe cases. ; presence of viral RNA in the blood and anal swab is positively correlated with the severe disease stage",patients: 57,05/19/2020
5,2020-02-04,Molecular and serological investigation of 2019-nCoV infected patients: implication of multiple shedding routes,https://www.tandfonline.com/doi/full/10.1080/22221751.2020.1729071,Emerging Microbes & Infections,Retrospective Analysis,Blood,qRT-PCR confirmed,-,-,40% (6/15) of blood samples were positive; none of the patients with viremia blood had positive oral swabs,patients: 15,04/15/2020
