,Date,Study,Study Link,Journal,Method,Result,Measure of Evidence,Added on
0,2020-05-31,Lymphopenic community acquired pneumonia as signature of severe COVID-19 infection.,https://doi.org/10.1016/j.jinf.2020.02.029,Journal of Infection,-,85% of patients critically ill showed lymphopenia. ICU patients suffering this infection had a median lymphocyte count of 800 cells/mm,-,4/25/20
1,2020-04-24,"Critical role of type III interferon in controlling SARS-CoV-2 infection, replication and spread in primary human intestinal epithelial cells",https://doi.org/10.1101/2020.04.24.059667,bioxriv,qPCR,"human intestinal epithelial cells fully support SARS-CoV-2 infection, replication and production of infectious de-novo virus particles. viral infection elicited an extremely robust intrinsic immune response where, interestingly, type III interferon mediated response was significantly more efficient at controlling SARS-CoV-2 replication and spread compared to type I interferon",patients: 3,5/11/20
2,2020-04-17,Distinct early IgA profile may determine severity of COVID-19 symptoms: an immunological case series,https://doi.org/10.1101/2020.04.14.20059733,medrxiv,Flow cytometry/peptide microarray,"Severe illness correlated with delayed, but broad SARS-CoV-2-specific IgA response",patients: 5,4/25/20
3,2020-04-17,Single-cell analysis of human lung epithelia reveals concomitant expression of the SARS-CoV-2 receptor ACE2 with multiple virus receptors and scavengers in alveolar type II cells,https://doi.org/10.1101/2020.04.16.045617,bioxriv,Single Cell RNA analysis/transcriptome analysis,ACE2-positive AT2 cells that co-express pathogen (including viral) receptors (e.g. DMBT1) with crucial roles in host defense thus comprising plausible phenotypic targets for treatment of COVID-19,patients: 19,4/25/20
4,2020-04-07,The phenotypic changes of γδ T cells in COVID-19 patients,https://doi.org/10.1101/2020.04.05.20046433,medrxiv,Flow Cytometry,increased expression of CD4 in γδ T cells may serve as a biomarker for the assessment of SARS-CoV-2 infection,patients: 56,4/8/20
5,2020-03-15,Zoonotic origins of human coronaviruses,https://www.ncbi.nlm.nih.gov/pmc/articles/PMC7098031/,Int J Biol Sci,-,Deletion splits ORF8 into ORF8a and ORF8b and is thought to be an adaptive mutation that promotes the switch of hosts,-,4/8/20
6,2020-03-06,The potential role of IL-6 in monitoring severe case of coronavirus disease 2019,https://doi.org/10.1101/2020.03.01.20029769,medrxiv,Peripheral Blood Test,"The decrease of IL-6 was closely related to treatment effectiveness, while the increase of IL-6 indicated disease exacerbation",patients: 69,4/25/20
