,Date,Study,Study Link,Journal,Severe,Severe lower bound,Severe upper bound,Severe p-value,Severe Significant,Severe Adjusted,Severe Calculated,Fatality,Fatality lower bound,Fatality upper bound,Fatality p-value,Fatality Significant,Fatality Adjusted,Fatality Calculated,Multivariate adjustment,Study Type,Sample Size,Study Population,Added on,Critical only,Discharged vs. death?
0,5/29/2020,Phenotypic characteristics and prognosis of inpatients with COVID-19 and diabetes: the CORONADO study,https://www.ncbi.nlm.nih.gov/pubmed/32472191/,Diabetologia,OR: 1.00,0.99,1.01,,Not Significant,Not Adjusted,Extracted,OR: 1.09,1.07,1.11,,Significant,Not Adjusted,Extracted,,Retrospective observational study,1317,The CORONADO study was launched in all French hospitals volunteering to share data on hospitalised COVID-19 patients with diabetes,,Y,N
1,5/28/2020,Obesity and COVID-19: an Italian snapshot,https://www.ncbi.nlm.nih.gov/pubmed/32463545/,Obesity,,,,,,,,OR: 1.11,0.95,1.29,0.18,Not Significant,Not Adjusted,Extracted,,Retrospective observational study,92,"92 patients stayed at least one day in the COVID-19 medical ward from March 23 to April 11, 2020",,N,N
2,5/26/2020,Association between Cardiovascular Burden and Requirement of Intensive Care among Patients with Mild COVID-19,http://medrxiv.org/cgi/content/short/2020.05.25.20111757v1?rss=1,MedRxiv,AOR=0.99,0.97,1.02,0.65,Not Significant,Adjusted,Extracted,,,,,,,,Age; Sex,Retrospective observational study,332,"February 5, 2020, to March 10, 2020 (followed up through March 25, 2020)",,Y,N
3,5/26/2020,Association between Cardiovascular Burden and Requirement of Intensive Care among Patients with Mild COVID-19,http://medrxiv.org/cgi/content/short/2020.05.25.20111757v1?rss=1,MedRxiv,AOR=0.99,0.97,1.02,0.6,Not Significant,Adjusted,Extracted,,,,,,,,Age; Sex; Chest tightness; Diabetes; Lung diseases,Retrospective observational study,332,"February 5, 2020, to March 10, 2020 (followed up through March 25, 2020)",,Y,N
4,5/26/2020,Association between Cardiovascular Burden and Requirement of Intensive Care among Patients with Mild COVID-19,http://medrxiv.org/cgi/content/short/2020.05.25.20111757v1?rss=1,MedRxiv,AOR=0.99,0.96,1.02,0.55,Not Significant,Adjusted,Extracted,,,,,,,,Age; Sex; Chest tightness; Diabetes; Lung diseases; Platelet; Radiologic abnormality; Positice SARS-CoV-2 by RT-PCR,Retrospective observational study,332,"February 5, 2020, to March 10, 2020 (followed up through March 25, 2020)",,Y,N
5,5/26/2020,Association between Cardiovascular Burden and Requirement of Intensive Care among Patients with Mild COVID-19,http://medrxiv.org/cgi/content/short/2020.05.25.20111757v1?rss=1,MedRxiv,OR=1.01,0.98,1.03,0.6,Not Significant,Not Adjusted,Extracted,,,,,,,,,Retrospective observational study,332,"February 5, 2020, to March 10, 2020 (followed up through March 25, 2020)",,Y,N
6,5/20/2020,Extent of prior lung irradiation and mortality in COVID-19 patients with a cancer history,https://doi.org/10.1016/j.adro.2020.04.028,Adv Radiat Oncol,,,,,,,,HR=1.01,0.98,1.05,0.37,Not Significant,Not Adjusted,Extracted,,Retrospective observational study,107,"Montefiore Medical Center and Albert Einstein College of Medicine from March 14, 2020 to April 15, 2020",,N,N
7,5/15/2020,Low dose of hydroxychloroquine reduces fatality of critically ill patients with COVID-19,https://doi.org/10.1007/s11427-020-1732-2,Sci China Life Sci,,,,,,,,AHR=1.02,1.01,1.03,<0.05,Significant,Adjusted,Extracted,Hydroxychloroquine treated; Age; Gender; Hypertension; CHD; COPD; Diabetes; Body temperature; SpO2; Oxygen Therapy; Mechanical ventilation,Retrospective observational study,550,"Tongji Hospital from Feb 1, 2020 to Apr 4, 2020",,N,N
8,5/15/2020,Low dose of hydroxychloroquine reduces fatality of critically ill patients with COVID-19,https://doi.org/10.1007/s11427-020-1732-2,Sci China Life Sci,,,,,,,,HR=1.02,1.01,1.03,<0.05,Significant,Not Adjusted,Extracted,,Retrospective observational study,550,"Tongji Hospital from Feb 1, 2020 to Apr 4, 2020",,N,N
9,5/14/2020,Clinical Characteristics and Outcomes of Patients With Diabetes and COVID-19 in Association With Glucose-Lowering Medication,https://doi.org/10.2337/dc20-0660,Diabetes care,AOR=1.02,1.01,1.03,,Significant,Adjusted,Extracted,AOR=1.09,1.07,1.12,,Significant,Adjusted,Extracted,Age; Albumin; Creatinine; CRP; Glucose,Retrospective observational study,904,Central Hospital of Wuhan from 1 January 2020 to 17 March 2020,,N,Y
10,5/14/2020,Clinical Characteristics and Outcomes of Patients With Diabetes and COVID-19 in Association With Glucose-Lowering Medication,https://doi.org/10.2337/dc20-0660,Diabetes care,OR=1.04,1.03,1.05,,Significant,Not Adjusted,Extracted,OR=1.10,1.08,1.12,,Significant,Not Adjusted,Extracted,,Retrospective observational study,904,Central Hospital of Wuhan from 1 January 2020 to 17 March 2020,,N,Y
11,5/12/2020,"Risk Factors for Mortality in 244 Older Adults With COVID‐19 in Wuhan, China: A Retrospective Study",https://www.ncbi.nlm.nih.gov/pubmed/32383809/,J Am Geriatr Soc,,,,,,,,AOR=1.12,1.01,1.25,<0.05,Significant,Adjusted,Extracted,Age; Sex; Vital Signs; Hypertension; Previous respiratory disease; Laboratory values,Retrospective observational study,244,"Sino-French New City Branch of Tongji Hospital from Jan 29, 2020 to Mar 5, 2020",,N,Y
12,5/11/2020,Characteristics and clinical significance of myocardial injury in patients with severe coronavirus disease 2019,https://www.ncbi.nlm.nih.gov/pubmed/32391877/,Eur Heart J,,,,,,,,AHR=1.01,0.98,1.05,0.38,Not Significant,Adjusted,Extracted,Lab values,Retrospective observational study,671,"Renmin Hospital of Wuhan University, located in Wuhan, Hubei Province, from February 18, 2020 through February 23, 2020",,N,N
13,5/11/2020,Characteristics and clinical significance of myocardial injury in patients with severe coronavirus disease 2019,https://www.ncbi.nlm.nih.gov/pubmed/32391877/,Eur Heart J,,,,,,,,AHR=1.04,1,1.07,<0.05,Significant,Adjusted,Extracted,Senior age; Lab values,Retrospective observational study,671,"Renmin Hospital of Wuhan University, located in Wuhan, Hubei Province, from February 18, 2020 through February 23, 2020",,N,N
14,5/6/2020,Correlation of coagulation parameters with clinical outcomes in Coronavirus-19 affected minorities in United States: Observational cohort,https://doi.org/10.1101/2020.05.01.20087932,MedRxiv,,,,,,,,AOR 1.08,1.04,1.12,<0.01,Significant,Adjusted,Extracted,"Gender, DDimer",Retrospective observational study,217,"Montefiore Medical Center/University Hospital for Albert Einstein College of Medicine, Moses Campus between March 20th to March 31st 2020",,N,Y
15,5/6/2020,Correlation of coagulation parameters with clinical outcomes in Coronavirus-19 affected minorities in United States: Observational cohort,https://doi.org/10.1101/2020.05.01.20087932,MedRxiv,,,,,,,,OR 1.06,1.03,1.08,<0.01,Significant,Not Adjusted,Extracted,,Retrospective observational study,217,"Montefiore Medical Center/University Hospital for Albert Einstein College of Medicine, Moses Campus between March 20th to March 31st 2020",,N,Y
16,4/29/2020,"Role of Drugs Affecting the Renin-Angiotensin-Aldosterone System on Susceptibility and Severity of COVID-19: A Large Case-Control Study from Zheijang Province, China.",https://doi.org/10.1101/2020.04.24.20077875,medrxiv,AOR: 1.05,1.03,1.06,,Significant,Adjusted,Extracted,,,,,,,,,Retrospective observational study,610,"14 hospitals in Zhejiang province, China between Jan 10 and Feb 28, 2020 and confirmed diagnosis of Covid-19 infection were included",,N,N
17,4/27/2020,Risk factors for predicting mortality in elderly patients with COVID-19: a review of clinical data in China,https://doi.org/10.1016/j.mad.2020.111255,Mechanisms of Ageing and Development,,,,,,,,OR: 1.05,1.01,1.09,,Significant,Not Adjusted,Extracted,,Retrospective observational study,154,"Most cases were reported in Hubei (40 cases), followed by Shanghai (33 cases) and Henan (10 cases)",,N,N
18,4/21/2020,Epidemiological Characteristics of Coronavirus Disease 2019 (COVID-19) Patients in IRAN: A single Center Study [Journal of Clinical Virology],https://doi.org/10.1016/j.jcv.2020.104378,Journal of Clinical Virology,,,,,,,,OR 1.05,1.04,1.06,<0.01,Significant,Not Adjusted,Extracted,,Retrospective observational study,"2,968","Baqiyatallah hospital from 19 February 2020, to 15 April 2020",,N,N
19,4/20/2020,"Epidemiology, clinical course, and outcomes of critically ill adults with COVID-19 in New York City: a prospective cohort study",http://doi.org/10.1101/2020.04.15.20067157,medRxiv,,,,,,,,HR 1.05,1.03,1.07,,Significant,Not Adjusted,Extracted,,Prospective observational study,257,"Columbia University Irving Medical Center (2 affiliated hospitals in Manhattan) from March 2nd to April 1st, 2020.",,N,N
20,4/20/2020,"Epidemiology, clinical course, and outcomes of critically ill adults with COVID-19 in New York City: a prospective cohort study",http://doi.org/10.1101/2020.04.15.20067157,,,,,,,,,AHR 1.04,1.02,1.06,,Significant,Adjusted,Extracted,"Age, gender, symptom duration prior to presentation, hypertension, cardiovascular disease, COPD and/or interstitial lung disease, chronic kidney disease, diabetes, BMI >= 35, IL-6, D-dimer",Prospective observational study,257,"Columbia University Irving Medical Center (2 affiliated hospitals in Manhattan) from March 2nd to April 1st, 2020.",,N,N
21,4/11/2020,"Prediction of the clinical outcome of COVID-19 patients using T lymphocyte subsets with 340 cases from Wuhan, China: a retrospective cohort study and a web visualization tool",https://doi.org/10.1101/2020.04.06.20056127,medRxiv,,,,,,,,AOR 1.05,1.01,1.09,0.04,Significant,Adjusted,Extracted,"Underlying diseases, helper T cells, TH/TS",Retrospective observational study,340,"Wuhan Pulmonary Hospital from January 31 to March 8, 2020",,N,Y
22,4/9/2020,High prevalence of obesity in severe acute respiratory syndrome coronavirus-2 (SARS-CoV-2) requiring invasive mechanical ventilation,https://doi.org/10.1002/oby.22831,Obesity (Silver Spring),AOR=1.00,0.97,1.04,0.87,Not Significant,Adjusted,Extracted,,,,,,,,Age; Male; Diabetes; Hypertension; Dyslipidemia; BMI,Retrospective observational study,124,"Roger Salengro Hospital, at ""Centre Hospitalier Universitaire de  Lille”  (CHU  Lille,  France),  between  February  27th  and  April  5th,  2020",,Y,N
23,4/9/2020,High prevalence of obesity in severe acute respiratory syndrome coronavirus-2 (SARS-CoV-2) requiring invasive mechanical ventilation,https://doi.org/10.1002/oby.22831,Obesity (Silver Spring),OR=1.00,0.97,1.02,0.73,Not Significant,Not Adjusted,Extracted,,,,,,,,,Retrospective observational study,124,"Roger Salengro Hospital, at ""Centre Hospitalier Universitaire de  Lille”  (CHU  Lille,  France),  between  February  27th  and  April  5th,  2020",,Y,N
24,4/3/2020,History of coronary heart disease increases the mortality rate of COVID-19 patients: a nested case-control study,https://doi.org/10.1101/2020.03.23.20041848,medRxiv,,,,,,,,AHR 1.0,1,1.1,<0.01,Not Significant,Not Adjusted,Calculated,,Retrospective observational study,275,"mainland China outside of Hubei Province, from December 18th, 2019 to March 8, 2021",,N,N
25,4/1/2020,Risk factors for severe corona virus disease 2019 (COVID-19) patients : a systematic review and meta analysis,https://doi.org/10.1101/2020.03.30.20047415,medRxiv,WMD 11.89,8.63,15.14,,Significant,Not Adjusted,Extracted,,,,,,,,,Systematic review and meta-analysis,6 studies enrolling 681 patients,"China National Knowledge Infrastructure (CNKI), Wanfang, Weipu, Chinese Biomedicine Literature Database (CBM-SinoMed), MEDLINE (via PubMed), EMBASE, Cochrane Central Register and Web of science searched through  8 March 2022",,N,N
26,3/31/2020,Coronavirus Disease 2019 in elderly patients: characteristics and prognostic factors based on 4-week follow-up,https://doi.org/10.1016/j.jinf.2020.03.020,Journal of Infection,,,,,,,,AHR 1.06,1.03,1.1,<0.01,Significant,Adjusted,Extracted,"cardiovascular disease, cerebrovascular disease, COPD",Prospective observational study,339,"age over 60 years old admitted to Renmin Hospital of Wuhan University from Jan 1 to Feb 6, 2020 (followed up until March 5)",4/10/2020,N,N
27,3/31/2020,Coronavirus Disease 2019 in elderly patients: characteristics and prognostic factors based on 4-week follow-up,https://doi.org/10.1016/j.jinf.2020.03.019,Journal of Infection,,,,,,,,HR  1.08,1.06,1.11,<0.01,Significant,Not Adjusted,Extracted,,Prospective observational study,339,"age over 60 years old admitted to Renmin Hospital of Wuhan University from Jan 1 to Feb 6, 2020 (followed up until March 5)",4/10/2020,N,N
28,3/27/2020,"A New Predictor of Disease Severity in Patients with COVID-19 in Wuhan, China",https://www.medrxiv.org/content/10.1101/2020.03.24.20042119v1.full.pdf,medRxiv,OR 1.06,1.04,1.08,<0.01,Significant,Not Adjusted,Extracted,,,,,,,,,Prospective observational study,377,"Central Hospital of Wuhan from January 1 to February 28, 2021",4/10/2020,N,N
29,3/27/2020,Radiographic Findings and other Predictors in Adults with Covid-19,https://doi.org/10.1101/2020.03.23.20041673,medRxiv,,,,,,,,AOR 1.06,1.01,1.12,0.03,Significant,Adjusted,Extracted,,Retrospective observational study,102,"Tongji Hospital from January 31 to March 5, 2020",4/10/2020,N,N
30,3/26/2020,"Clinical characteristics of COVID-19-infected cancer patients: A retrospective case study in three hospitals within Wuhan, China",https://doi.org/10.1016/j.annonc.2020.03.296,Annals of Oncology,HR 1.46,0.48,4.43,0.51,Not Significant,Not Adjusted,Extracted,,,,,,,,,Retrospective observational study,28,"Tongji Sino-French New Town Hospital, Union Red Cross Hospital and Union West Hospital, all affiliated with the Tongji Medical College of Huazhong University of Science and Technology. Hospitalized cancer patients diagnosed with COVID-9 infection were identified between Jan 13, 2020 and Feb 26, 2020",,Y,N
31,3/24/2020,"Myocardial injury is associated with in-hospital mortality of confirmed or suspected COVID-19 in Wuhan, China: A single center retrospective cohort study",https://doi.org/10.1101/2020.03.21.20040121,medRxiv,,,,,,,Age,HR 1.03,0.98,1.08,0.25,Not Significant,Not Adjusted,Extracted,,Retrospective observational study,110,Patients from Wuhan No.1 Hospital from Dec 25th to Feb 15th.,4/10/2020,N,N
32,3/23/2020,Prognostic value of C-reactive protein in patients with COVID-19,https://doi.org/10.1101/2020.03.21.20040360,medRxiv,OR 1.05,1.02,1.07,<0.01,Significant,Not Adjusted,Extracted,,,,,,,,,Retrospective observational study,298,"Eastern Campus of Renmin Hospital of Wuhan University from Jan 30 to Feb 20, 2022",4/10/2020,N,N
33,3/19/2020,"Clinical progression of patients with COVID-19 in Shanghai, China",https://www.ncbi.nlm.nih.gov/pmc/articles/PMC7102530/,Journal of Infection,AOR 1.06,1,1.12,0.05,Not Significant,Adjusted,Extracted,,,,,,,,"Gender, comorbitity, lab findings",Retrospective observational study,249,"Shanghai Public Health Clinical Center (SPHCC) from Jan 20 to Feb 6, 2020, final follow-up Feb 25, 2020",,Y,N
34,3/19/2020,"Clinical progression of patients with COVID-19 in Shanghai, China",https://www.ncbi.nlm.nih.gov/pmc/articles/PMC7102530/,Journal of Infection,OR 1.08,1.04,1.13,<0.01,Significant,Not Adjusted,Extracted,,,,,,,,,Retrospective observational study,249,"Shanghai Public Health Clinical Center (SPHCC) from Jan 20 to Feb 6, 2020, final follow-up Feb 25, 2020",,Y,N
35,3/1/2020,Epidemiological characteristics of confirmed COVID-19 cases in Tianjin,https://doi.org/10.3760/cma.j.cn112338-20200221-00146,Chinese Journal of Epidemiology,AOR 1.04,1.01,1.17,,Significant,Adjusted,Extracted,,,,,,,,"Heart disease, cerebrovascular disease, number of underlying diseases",Cross-sectional study,135,Tianjin from Jan 11-Feb 14,4/10/2020,N,N
36,3/11/2020,"Clinical course and risk factors for mortality of adult inpatients with COVID-19 in Wuhan, China: a retrospective cohort study",https://www.thelancet.com/journals/lancet/article/PIIS0140-6736(20)30566-3/fulltext,The Lancet,,,,,,,,AOR=1.10,1.03,1.17,<0.05,Significant,Adjusted,Extracted,Age; CHD; SOFA score,Retrospective observational study,191,"Jinyintan Hospital and Wuhan Pulmonary Hospital (Wuhan, China) from Dec 29, 2020 to Jan 31, 2020",,N,Y
37,3/11/2020,"Clinical course and risk factors for mortality of adult inpatients with COVID-19 in Wuhan, China: a retrospective cohort study",https://www.thelancet.com/journals/lancet/article/PIIS0140-6736(20)30566-3/fulltext,The Lancet,,,,,,,,OR=1.14,1.09,1.18,<0.05,Significant,Not Adjusted,Extracted,,Retrospective observational study,191,"Jinyintan Hospital and Wuhan Pulmonary Hospital (Wuhan, China) from Dec 29, 2020 to Jan 31, 2020",,N,Y
38,3/6/2020,Analysis of myocardial injury in patients with COVID-19 and association between concomitant cardiovascular diseases and severity of COVID-19,https://www.ncbi.nlm.nih.gov/pubmed/32141280,Chinese Journal of Cardiovascular Diseases,AOR 1.02,0.96,1.08,0.52,Not Significant,Adjusted,Extracted,,,,,,,,"gender, hypertension, history of heart disease, N-terminal pro-B-type natriuretic peptide, cardiac troponin I, hypersensitive C-reactive protein, blood creatine",Cross-sectional study,150,"Tongji Hospital, excluding those with acute myocardial infarction",4/10/2020,N,N
39,3/6/2020,Analysis of myocardial injury in patients with COVID-19 and association between concomitant cardiovascular diseases and severity of COVID-19,https://www.ncbi.nlm.nih.gov/pubmed/32141280,Chinese Journal of Cardiovascular Diseases,OR 1.06,1.02,1.09,<0.01,Significant,Not Adjusted,Extracted,,,,,,,,,Cross-sectional study,150,"Tongji Hospital, excluding those with acute myocardial infarction",4/10/2020,N,N
40,3/6/2020,Case fatality risk of novel coronavirus diseases 2019 in China,https://doi.org/10.1101/2020.03.04.20031005,medRxiv,,,,,,,,OR 1.18,1.14,1.22,<0.01,Significant,Adjusted,Extracted,,Cross-sectional study,9651,The National Health Commission of China (NHC) and the Chinese Center for Disease Control and Prevention (China CDC),4/10/2020,N,N
41,3/3/2020,"Epidemiological and clinical features of COVID-19 patients with and without pneumonia in Beijing, China",https://www.medrxiv.org/content/10.1101/2020.02.28.20028068v1.full.pdf,medRxiv,,,,,,,,,,,,,,,,Retrospective observational study,55,"Fifth Medical Center of PLA General Hospital from December 27, 2019 to February 18, 2020",,N,N
42,3/3/2020,Epidemiological and clinical features of 2019-nCoV acute respiratory disease cases in Chongqing municipality China: a retrospective descriptive multiple-center study,https://doi.org/10.1101/2020.03.01.20029397,medRxiv,,,,,,,,,,,,,,,,Retrospective observational study,267,"Qianjiang central hospital of Chongqing, Chongqing three gorges central hospital and Chongqing public health medical center from January 19 to February 16, 2021",,N,N
43,5/15/2020,Risk factors for clinical progression in patients with COVID-19: a retrospective study of electronic health record data in the United Kingdom,http://medrxiv.org/cgi/content/short/2020.05.11.20093096v1?rss=1,MedRxiv,AOR=0.97,0.96,0.99,<0.05,Significant,Adjusted,Extracted,AOR=1.06,1.04,1.06,<0.05,Significant,Adjusted,Extracted,Age; Ethnicity; Laboratory values; Vital signs,Retrospective observational study,3753,Emergency department of Chelsea & Westminster Hospital NHS Foundation Trust between 1st January 2020 and 23rd April 2020,,Y,N
44,5/15/2020,Clinical Presentation of COVID19 in Dementia Patients,https://www.ncbi.nlm.nih.gov/pubmed/32425646/,J Nutr Health Aging,,,,,,,,OR=1.09,1.07,1.12,<0.05,Significant,Adjusted,Extracted,Age; Sex; Dementia,Retrospective observational study,82,"Respiratory failure patients in COVID wards in Acute Hospital in Brescia province, Northern Italy.",,N,N
