,Date,Study,Study Link,Journal,Severe,Severe lower bound,Severe upper bound,Severe p-value,Severe Significant,Severe Adjusted,Severe Calculated,Fatality,Fatality lower bound,Fatality upper bound,Fatality p-value,Fatality Significant,Fatality Adjusted,Fatality Calculated,Multivariate adjustment,Study Type,Sample Size,Study Population,Added on,Critical only,Discharged vs. death?
0,2020-06-01,COVID-19 with Different Severities: A Multicenter Study of Clinical Features,https://www.ncbi.nlm.nih.gov/pubmed/32275452/,Am J Respir Crit Care Med,OR 6.25,1.96,19.98,0,Significant,Not Adjusted,Calculated,,,,,,,,,Retrospective observational study,476,"Jinyintan Hospital in Wuhan, Shanghai Public Health Clinical Center in Shanghai, and Tongling People’s Hospital in Anhui Province, China from January 1, 2020, to February 15, 2020.",,Y,N
1,2020-06-01,Characteristics and Outcomes of COVID-19 Patients in New York City's Public Hospital System,http://medrxiv.org/cgi/content/short/2020.05.29.20086645v1?rss=1,MedRxiv,,,,,,,,OR 1.14,0.95,1.37,0.17,Not Significant,Not Adjusted,Calculated,,Retrospective observational study,13442,"New York City Health and Hospital between March 5 and April 9, 2020",,N,N
2,2020-05-31,Clinical Features and Short-term Outcomes of Elderly Patients With COVID-19,https://www.sciencedirect.com/science/article/pii/S120197122030415X?v=s5,Int J Infect Dis,,,,,,,,HR=1.2,0.5,3.4,0.68,Not Significant,Not Adjusted,Extracted,,Retrospective observational study,204,"Renmin  Hospital  of  Wuhan University  from  January 31 to February  20, 2020",,N,N
3,2020-05-29,Phenotypic characteristics and prognosis of inpatients with COVID-19 and diabetes: the CORONADO study,https://www.ncbi.nlm.nih.gov/pubmed/32472191/,Diabetologia,OR: 1.08,0.77,1.5,,Not Significant,Not Adjusted,Extracted,OR: 1.55,0.99,2.42,,Not Significant,Not Adjusted,Extracted,,Retrospective observational study,1317,The CORONADO study was launched in all French hospitals volunteering to share data on hospitalised COVID-19 patients with diabetes,,Y,N
4,2020-05-26,"Characteristics and predictors of hospitalization and death in the first 9,519 cases with a positive RT-PCR test for SARS-CoV-2 in Denmark: A nationwide cohort",http://medrxiv.org/cgi/content/short/2020.05.24.20111823v1?rss=1,MedRxiv,,,,,,,,AOR=1.3,1.0,1.7,,Significant,Adjusted,Extracted,Age; Sex,Retrospective observational study,9519,"Danish SARS-CoV-2 cohort from February 27th, 2020 to April 30th, 2020",,Y,N
5,2020-05-26,"Characteristics and predictors of hospitalization and death in the first 9,519 cases with a positive RT-PCR test for SARS-CoV-2 in Denmark: A nationwide cohort",http://medrxiv.org/cgi/content/short/2020.05.24.20111823v1?rss=1,MedRxiv,OR 1.17,0.85,1.6,0.33,Not Significant,Not Adjusted,Calculated,OR=4.5,3.6,5.5,,Significant,Not Adjusted,Extracted,,Retrospective observational study,9519,"Danish SARS-CoV-2 cohort from February 27th, 2020 to April 30th, 2020",,Y,N
6,2020-05-26,"Association of age, sex, comorbidities, and clinical symptoms with the severity and mortality of COVID-19 cases: a meta-analysis with 85 studies and 67299 cases",http://medrxiv.org/cgi/content/short/2020.05.23.20110965v1?rss=1,MedRxiv,,,,,,,,OR=2.16,1.41,3.33,<0.05,Significant,Not Adjusted,Extracted,,Systematic review and meta-analysis,"85 articles, 67299 cases","PubMed, ScienceDirect, and SAGE database from January 1, 2020, to May 17, 2020",,N,N
7,2020-05-23,Morbid Obesity as an Independent Risk Factor for COVID-19 Mortality in Hospitalized Patients Younger than 50.,https://doi.org/10.1002/oby.22913,Obesity,,,,,,,,AOR 1.0,0.8,1.2,0.94,Not Significant,Adjusted,Extracted,"age decile, male sex, CAD, CHF, HTN, DM, hyperlipidemia, CKD, history of cancer, smoking (past or present), BMI 30 - 40 kg/m2, BMI  40 kg/m2 and race",Retrospective observational study,2834,"Age > 50, New York City between March 1st and May 17th, 2020",,N,Y
8,2020-05-23,Morbid Obesity as an Independent Risk Factor for COVID-19 Mortality in Hospitalized Patients Younger than 50.,https://doi.org/10.1002/oby.22913,Obesity,,,,,,,,AOR 2.5,1.0,6.5,0.05,Not Significant,Adjusted,Extracted,"age decile, male sex, CAD, CHF, HTN, DM, hyperlipidemia, CKD, history of cancer, smoking (past or present), BMI 30 - 40 kg/m2, BMI  40 kg/m2 and race",Retrospective observational study,572,"Age < 50, New York City between March 1st and May 17th, 2020",,N,Y
9,2020-05-22,Factors associated with hospital admission and critical illness among 5279 people with coronavirus disease 2019 in New York City: prospective cohort study,https://doi.org/10.1136/bmj.m1966,BMJ,AOR=1.30,0.95,1.8,0.1,Not Significant,Adjusted,Extracted,AHR=1.29,1.03,1.62,<0.05,Significant,Adjusted,Extracted,Vital signs; Laboratory results,Retrospective observational study,990,"NYU Langone Health between March 1, 2020 to April 8, 2020",,Y,N
10,2020-05-22,Features of 20 133 UK patients in hospital with covid-19 using the ISARIC WHO Clinical Characterisation Protocol: prospective observational cohort study.,https://doi.org/10.1136/bmj.m1985,BMJ,,,,,,,,HR=1.13,1.02,1.24,<0.05,Significant,Adjusted,Extracted,Age; Sex: Major Comorbidity,Prospective observational study,20133,"208 acute care hospitals in England, Wales, and Scotland between 6 February and 19 April 2020",,N,N
11,2020-05-19,Risk factors for adverse clinical outcomes in patients with COVID-19: A systematic review and meta-analysis,http://medrxiv.org/cgi/content/short/2020.05.13.20100495v1?rss=1,MedRxiv,OR 1.88,0.75,4.72,0.18,Not Significant,Not Adjusted,Extracted,,,,,,,,,Systematic review and meta-analysis,3 studies enrolling 288 patients,"PubMed from January 1 until April 19, 2020",,Y,N
12,2020-05-19,Factors Associated With Intubation and Prolonged Intubation in Hospitalized Patients With COVID-19,https://www.ncbi.nlm.nih.gov/pubmed/32423368/,Otolaryngol Head Neck Surg,OR 1.31,0.73,2.32,0.37,Not Significant,Not Adjusted,Calculated,,,,,,,,,Retrospective observational study,486,"Ten hospitals in the Chicago metropolitan area from March 1, 2020 to April 8, 2020",,Y,N
13,2020-05-14,The association of cardiovascular disease and other pre-existing comorbidities with COVID-19 mortality: A systematic review and meta-analysis,http://medrxiv.org/cgi/content/short/2020.05.10.20097253v1?rss=1,MedRxiv,,,,,,,,RR 1.93,1.15,3.24,,Significant,Not Adjusted,Extracted,,Systematic review and meta-analysis,4 studies,"PubMed (MEDLINE), OVID (MEDLINE, HEALTHSTAR), SCOPUS, and medrxiv.org from October 1, 2019 to May 1, 2024",,N,N
14,2020-05-13,Effects of pre-existing morbidities on occurrence of death among COVID-19 disease patients: A systematic review and meta-analysis,http://medrxiv.org/cgi/content/short/2020.05.08.20095968v1?rss=1,MedRxiv,,,,,,,,OR=2.22,1.63,3.03,,Significant,Not Adjusted,Extracted,,Systematic review and meta-analysis,36398,"Medline, Web of Science, Scopus, and CINAHL were searched, concluded on May 01, 2020",,N,N
15,2020-05-12,Development and Validation of a Clinical Risk Score to Predict the Occurrence of Critical Illness in Hospitalized Patients With COVID-19.,https://doi.org/10.1001/jamainternmed.2020.2033,JAMA internal medicine,OR 7.43,2.83,19.51,0,Significant,Not Adjusted,Calculated,,,,,,,,,Retrospective observational study,1590,"China National Health Commission between November 21, 2019 and January 31, 2020",,Y,N
16,2020-05-11,Effect of underlying comorbidities on the infection and severity of COVID-19 in South Korea,http://medrxiv.org/cgi/content/short/2020.05.08.20095174v1?rss=1,MedRxiv,OR 1.94,1.35,2.8,0,Significant,Not Adjusted,Calculated,,,,,,,,,Retrospective observational study,5172,"The insurance claims database of the HIRA of South Korea through April 8, 2020",,Y,N
17,2020-05-10,Age-adjusted associations between comorbidity and outcomes of COVID-19: a review of the evidence,http://medrxiv.org/cgi/content/short/2020.05.06.20093351v1?rss=1,MedRxiv,AHR=3.50,1.6,7.64,,Significant,Adjusted,Extracted,AHR=0.82,0.18,3.65,,Not Significant,Adjusted,Extracted,Severity: Age; Smoking: Fatality: Age; Other comorbidities; Clinical biomarkers,Expert review,"severity: 1590, fatality: 416","Pennington et al., Web of Science, Google Scholar, WHO, MEDLINE, CDC of the USA, Europe, and China",,Y,N
18,2020-05-07,OpenSAFELY: factors associated with COVID-19-related hospital death in the linked electronic health records of 17 million adult NHS patients.,http://medrxiv.org/cgi/content/short/2020.05.06.20092999v1?rss=1,MedRxiv,,,,,,,,AHR 1.56,1.29,1.89,,Significant,Adjusted,Extracted,"age, gender, obesity, smoking status, diabetes, cancer, hematological malignancy, asthma, chronic respiratory disease, heart disease, hypertension, chronic liver disease, stroke or dementia, other neurological disease, reduced kidney function, organ transplant, spleen disease, rheumatoid arthritis/lupus/psoriasis, immunosuppression",Retrospective observational study,"17,425,445","TPP general practice in England from February 1 to April 25, 2020.",,N,N
19,2020-05-06,Cancer is associated with the severity and mortality of patients with COVID-19: a systematic review and meta-analysis,https://doi.org/10.1101/2020.05.01.20087031,MedRxiv,OR 2.84,1.75,4.62,<0.01,Significant,Not Adjusted,Extracted,OR 2.60,1.28,5.26,<0.01,Significant,Not Adjusted,Extracted,,Systematic review and meta-analysis,"34 studies, 8080 patients","PubMed, EMBASE.com, the Cochrane Central Register of Controlled Trials (CENTRAL), Web of Science, Chinese Biomedical Literature Database (CBM), China National Knowledge Infrastructure (CNKI), and Wanfang Database up to April 12, 2020",,Y,N
20,2020-05-04,Analysis of hospitalized COVID-19 patients in the Mount Sinai Health System using electronic medical records (EMR) reveals important prognostic factors for improved clinical outcomes,https://doi.org/10.1101/2020.04.28.20075788,MedRxiv,,,,,,,,OR 0.93,1.7,0.14,,Not Significant,Not Adjusted,Calculated,,Retrospective observational study,3273,Mount Sinai Health System from 2/24/2020 to 4/15/2020,,N,N
21,2020-05-03,Systematic investigations of COVID-19 in 283 cancer patients,http://medrxiv.org/cgi/content/short/2020.04.28.20083246v1?rss=1,MedRxiv,OR=1.98,0.99,3.94,0.05,Not Significant,Not Adjusted,Extracted,,,,,,,,,Retrospective observational study,283,"Data of consecutive cancer patients admitted to 33 designated hospitals for COVID-19 in Hubei province, China from December 17, 2019 to March 18, 2020",,Y,N
22,2020-05-01,Obesity as a risk factor for poor outcome in COVID-19-induced lung injury: the potential role of undiagnosed obstructive sleep apnoea,https://www.sciencedirect.com/science/article/pii/S0007091220303019,British Journal of Anaesthesia,OR 1.08,0.38,3.08,0.89,Not significant,Not Adjusted,Calculated,,,,,,,,,Retrospective observational study,124,New York City,,Y,N
23,2020-04-29,"Role of Drugs Affecting the Renin-Angiotensin-Aldosterone System on Susceptibility and Severity of COVID-19: A Large Case-Control Study from Zheijang Province, China.",https://doi.org/10.1101/2020.04.24.20077875,medrxiv,AOR: 1.94,0.5,7.52,0.34,Not Significant,Adjusted,Extracted,,,,,,,,,Retrospective observational study,610,"14 hospitals in Zhejiang province, China between Jan 10 and Feb 28, 2020 and confirmed diagnosis of Covid-19 infection were included",,N,N
24,2020-04-23,Risk factors of critical & mortal COVID-19 cases: A systematic literature review and meta-analysis,https://doi.org/10.1016/j.jinf.2020.04.021,Journal of Infection,OR: 1.60,0.81,3.18,0.18,Not Significant,Not Adjusted,Extracted,,,,,,,,,Systematic review and meta-analysis,3034 patients from 13 studies,China,,Y,N
25,2020-04-23,Clinical Characteristics of Hospitalized Covid-19 Patients in New York City,http://medrxiv.org/cgi/content/short/2020.04.19.20062117v1?rss=1,MedRxiv,,,,,,,,OR 1.53,0.9,2.58,0.11,Not Significant,Not Adjusted,Calculated,,Retrospective observational study,2199,"Mount Sinai Hospital located in East Harlem, Manhattan; Mount Sinai Morningside located in Morningside Heights, Manhattan; Mount Sinai West located in Midtown and the West Side, Manhattan; Mount Sinai Brooklyn located in Midwood, Brooklyn; and Mount Sinai Queens located in Astoria, Queens from Feb 27, 2020 to Apr 2, 2020",,N,Y
26,2020-04-21,Do Patients with Cancer Have a Poorer Prognosis of COVID-19? An Experience in New York City. Title: Do Patients with Cancer Have a Poorer Prognosis of COVID-19? An Experience in New York,http://doi.org/10.1016/j.annonc.2020.04.006,Annals of Oncology,RR 1.89,1.37,2.61,,Significant,Not Adjusted,Extracted,RR 1.15,0.84,1.57,,Not Significant,Not Adjusted,Extracted,,Retrospective observational study,5688,"Mount Sinai Hospital from March 1 to April 6, 2020",,Y,N
27,2020-04-17,Well-aerated Lung on Admitting Chest CT to Predict Adverse Outcome in COVID-19 Pneumonia.,https://doi.org/10.1148/radiol.2020201433,Radiology,OR 3.55,1.62,7.79,0,,,,,,,,,,,,Retrospective observational study,236,"Italy, Emergency department admissions with CT results",,Y,N
28,2020-04-17,Outcomes of the 2019 Novel Coronavirus in patients with or without a history of cancer - a multi-centre North London experience,https://doi.org/10.1101/2020.04.16.20061127,medRxiv,OR 0.68,0.2,2.32,0.53,Not Significant,Not Adjusted,Calculated,OR 1.0,0.28,3.63,1,Not Significant,Not Adjusted,Calculated,,Retrospective observational study,52,"COVID-19 patients with or without a history of cancer, admited to four London hospitals from 12th March to 7th April 2020.",,N,N
29,2020-04-16,Characteristics and outcomes of a cohort of SARS-CoV-2 patients in the Province of Reggio,https://doi.org/10.1101/2020.04.13.20063545,medRxiv,HR 1.4,1.1,1.7,,Significant,Not Adjusted,Extracted,HR 1.4,1.0,2.0,,Not Significant,Not Adjusted,Extracted,,Retrospective observational study,2653,"All symptomatic patients who tested positive in Reggio from February 27 to April 2, 2020.",,N,N
30,2020-04-16,Characteristics and outcomes of a cohort of SARS-CoV-2 patients in the Province of Reggio,http://doi.org/10.1101/2020.04.13.20063545,,,,,,,,,HR 1.4,1.0,2.0,,Significant,Adjusted,Extracted,Age and gender,Retrospective observational study,2362,"All patients in Reggio Emilia, Italiy from Feb 27 to April 2, 2025",5/6/2020,N,N
31,2020-04-12,Risk factors for severity and mortality in adult COVID-19 inpatients in Wuhan Risk factors for severity and mortality in adult COVID-19 1 inpatients in Wuhan,http://doi.org/10.1016/j.jaci.2020.04.006,Journal of Allergy and Clinical Immunology,OR 1.42,0.62,3.25,0.41,Not Significant,Not Adjusted,Calculated,,,,,,,,,Retrospective observational study,548,"Sino-French New City Branch of Tongji Hospital, Huazhong University of Science and 161 Technology in Wuhan from January 26, 2020 to February 5, 2020",,N,N
32,2020-04-11,"Factors associated with hospitalization and critical illness among 4,103 patients with",http://doi.org/10.1101/2020.04.08.20057794,medRxiv,OR 1.14,0.67,1.91,0.63,Not Significant,Not Adjusted,Extracted,,,,,,,,,Cross-sectional study,4103,"Single-center study in  New York City between March 1, 2020 and April 2, 2020, with follow up through April 7, 2021",4/21/2020,Y,N
33,2020-04-10,Neutrophil-to-lymphocyte ratio as an independent risk factor for mortality in hospitalized patients with COVID-19,https://doi.org/10.1016/j.jinf.2020.04.002,Journal of Infection,,,,,,,,OR 1.89,0.38,9.51,0.44,Not Significant,Not Adjusted,Extracted,,Retrospective observational study,245,"Zhongnan Hospital of Wuhan University from January 1 to February 29, 2020",,N,N
34,2020-04-08,Does comorbidity increase the risk of patients with COVID-19: evidence from meta-analysis,https://www.ncbi.nlm.nih.gov/pmc/articles/PMC7185114/,Aging,OR 2.29,1.0,5.23,,Not Significant,Not Adjusted,Extracted,,,,,,,,,Systematic review and meta-analysis,1558,"PubMed (Medline), EMBASE, Springer, Web of Science, and Cochrane Library databases up to date to March 1, 2020",,N,N
35,2020-03-20,"Epidemiological, clinical characteristics of cases of SARS-CoV-2 infection with abnormal imaging findings",http://doi.org/10.1016/j.ijid.2020.03.040,International Journal of Infectious Diseases,OR 8.30,1.64,42.01,0.01,Significant,Not Adjusted,Extracted,,,,,,,,,Retrospective observational study,645,"Zhejiang from  Jan 17 to Feb 8, 2022",,N,N
36,2020-03-17,"Incidence, clinical characteristics and prognostic factor of patients with COVID-19: a systematic review and meta-analysis",https://doi.org/10.1101/2020.03.17.20037572,medRxiv,RR 2.93,1.34,6.41,,Significant,Not Adjusted,Extracted,,,,,,,,Cancer,Systematic review and meta-analysis,Not reported number of studies out of 30 enrolling 5300 patients,"PubMed, Web of Science Core Collection, Embase, Cochrane and MedRxiv databases were searched through February 25, 2020.",4/10/2020,N,N
37,2020-02-27,"Comorbidity and its impact on 1,590 patients with COVID-19 in China: A Nationwide Analysis",https://doi.org/10.1101/2020.02.25.20027664,medRxiv,HR 3.50,1.6,7.64,<0.01,Significant,Not Adjusted,Extracted,,,,,,,,,Retrospective observational study,1590,"575 hospitals in China, from  November 21st, 2019 to January 31st, 2020",4/10/2020,Y,N
38,2020-02-25,"Neurological Manifestations of Hospitalized Patients with COVID-19 in Wuhan, China: a retrospective case series study",https://doi.org/10.1101/2020.02.22.20026500,medRxiv,OR 0.89,0.28,2.81,0.84,Not Significant,Not Adjusted,Calculated,,,,,,,,,Case series,214,Union Hospital of Huazhong University of Science and Technology in Wuhan from 16 January to 19 February 2020,4/10/2020,N,N
