,Date,Study,Study Link,Journal,Severe,Severe lower bound,Severe upper bound,Severe p-value,Severe Significant,Severe Adjusted,Severe Calculated,Fatality,Fatality lower bound,Fatality upper bound,Fatality p-value,Fatality Significant,Fatality Adjusted,Fatality Calculated,Multivariate adjustment,Study Type,Sample Size,Study Population,Added on,Critical only,Discharged vs. death?
0,2020-06-01,Characteristics and Outcomes of COVID-19 Patients in New York City's Public Hospital System,http://medrxiv.org/cgi/content/short/2020.05.29.20086645v1?rss=1,MedRxiv,,,,,,,,OR 1.60,1.36,1.89,0,Significant,Not Adjusted,Calculated,,Retrospective observational study,13442,"New York City Health and Hospital between March 5 and April 9, 2020",,N,N
1,2020-05-31,Clinical Features and Short-term Outcomes of Elderly Patients With COVID-19,https://www.sciencedirect.com/science/article/pii/S120197122030415X?v=s5,Int J Infect Dis,,,,,,,,HR=4.2,1.7,10.5,<0.05,Significant,Not Adjusted,Extracted,,Retrospective observational study,204,"Renmin  Hospital  of  Wuhan University  from  January 31 to February  20, 2020",,N,N
2,2020-05-29,A clinical risk score to identify patients with COVID-19 at high risk of critical care admission or death: an observational cohort study.,https://doi.org/10.1016/j.jinf.2020.05.064,J Infect,HR=0.90,0.54,1.51,0.7,Not Significant,Not Adjusted,Extracted,HR=1.34,1.0,1.79,0.05,Not Significant,Not Adjusted,Extracted,,Retrospective observational study,1157,"King’s College Hospital and Princess Royal University Hospital from March 1, 2020 and April 17, 2020",,Y,N
3,2020-05-29,The Association Between Biomarkers and Clinical Outcomes in Novel Coronavirus (COVID-19) Pneumonia in a U.S. Cohort,http://medrxiv.org/cgi/content/short/2020.05.27.20115105v1?rss=1,MedRxiv,,,,,,,,OR: 2.3,1.4,4.0,,Significant,Not Adjusted,Extracted,,Retrospective observational study,299,"299 patients with confirmed COVID-19 positive results were admitted to the hospitalist service at GWUH between March 12th and May 9th, 2020",,Y,N
4,2020-05-29,Phenotypic characteristics and prognosis of inpatients with COVID-19 and diabetes: the CORONADO study,https://www.ncbi.nlm.nih.gov/pubmed/32472191/,Diabetologia,OR: 0.66,0.35,1.27,,Not Significant,Not Adjusted,Extracted,OR: 0.62,0.24,1.6,,Not Significant,Not Adjusted,Extracted,,Retrospective observational study,1317,The CORONADO study was launched in all French hospitals volunteering to share data on hospitalised COVID-19 patients with diabetes,,Y,N
5,2020-05-26,Psychiatric Predictors of COVID-19 Outcomes in a Skilled Nursing Facility Cohort,http://medrxiv.org/cgi/content/short/2020.05.23.20099671v1?rss=1,MedRxiv,OR 0.77,0.09,6.48,0.81,Not Significant,Not Adjusted,Extracted,OR 5.07,0.94,27.27,0.06,Not Significant,Not Adjusted,Extracted,,Retrospective observational study,81,Veteran's Administration skilled nursing facility,,Y,N
6,2020-05-26,Use of High Flow Nasal Therapy to Treat Moderate to Severe Hypoxemic Respiratory Failure in COVID-19,http://medrxiv.org/cgi/content/short/2020.05.22.20109355v1?rss=1,MedRxiv,OR 1.72,0.57,5.2,0.34,Not Significant,Not Adjusted,Calculated,,,,,,,,,Retrospective observational study,104,"consecutive patients admitted to Temple University Hospital in Philadelphia, Pennsylvania, from March 10, 2020, to April 24, 2020, for moderate to severe hypoxemia due to highly suspected or proven COVID-19 infection",,Y,N
7,2020-05-26,ICU and Ventilator Mortality Among Critically Ill Adults With Coronavirus Disease 2019,https://doi.org/10.1097/ccm.0000000000004457,Crit Care Med,,,,,,Chronic kidney disease,,OR 2.68,1.39,5.17,<0.05,Significant,Not Adjusted,Calculated,,Retrospective observational study,217,"ICU of Emory Healthcare acute-care hospitals in Atlanta, Georgia from March 6, 2020, to April 17, 2020",,N,N
8,2020-05-26,"Association of age, sex, comorbidities, and clinical symptoms with the severity and mortality of COVID-19 cases: a meta-analysis with 85 studies and 67299 cases",http://medrxiv.org/cgi/content/short/2020.05.23.20110965v1?rss=1,MedRxiv,,,,,,,,OR=5.62,3.34,9.46,<0.05,Significant,Not Adjusted,Extracted,,Systematic review and meta-analysis,"85 articles, 67299 cases","PubMed, ScienceDirect, and SAGE database from January 1, 2020, to May 17, 2020",,N,N
9,2020-05-25,Association between comorbidities and the risk of death in patients with COVID-19: sex-specific differences,http://medrxiv.org/cgi/content/short/2020.05.22.20109579v1?rss=1,MedRxiv,,,,,,,,AHR=2.09,1.47,2.98,,Significant,Not Adjusted,Extracted,Age; Gender; Address; Clinical Severity,Retrospective observational study,18465,"Hubei Province as of February 27,2020 followed up to March 7, 2020",,N,N
10,2020-05-25,Association between comorbidities and the risk of death in patients with COVID-19: sex-specific differences,http://medrxiv.org/cgi/content/short/2020.05.22.20109579v1?rss=1,MedRxiv,,,,,,,,AHR=3.23,2.27,4.6,,Significant,Adjusted,Extracted,Age; Gender,Retrospective observational study,18465,"Hubei Province as of February 27,2020 followed up to March 7, 2020",,N,N
11,2020-05-25,Association between comorbidities and the risk of death in patients with COVID-19: sex-specific differences,http://medrxiv.org/cgi/content/short/2020.05.22.20109579v1?rss=1,MedRxiv,,,,,,,,AHR=3.25,2.29,4.63,,Significant,Adjusted,Extracted,Age,Retrospective observational study,18465,"Hubei Province as of February 27,2020 followed up to March 7, 2020",,N,N
12,2020-05-25,Association between comorbidities and the risk of death in patients with COVID-19: sex-specific differences,http://medrxiv.org/cgi/content/short/2020.05.22.20109579v1?rss=1,MedRxiv,,,,,,,,HR=5.05,3.55,7.18,,Significant,Not Adjusted,Extracted,,Retrospective observational study,18465,"Hubei Province as of February 27,2020 followed up to March 7, 2020",,N,N
13,2020-05-23,Morbid Obesity as an Independent Risk Factor for COVID-19 Mortality in Hospitalized Patients Younger than 50.,https://doi.org/10.1002/oby.22913,Obesity,,,,,,,,AOR 1.7,1.4,2.1,<0.01,Significant,Adjusted,Extracted,"age decile, male sex, CAD, CHF, HTN, DM, hyperlipidemia, CKD, history of cancer, smoking (past or present), BMI 30 - 40 kg/m2, BMI  40 kg/m2 and race",Retrospective observational study,2834,"Age > 50, New York City between March 1st and May 17th, 2020",,N,Y
14,2020-05-23,Morbid Obesity as an Independent Risk Factor for COVID-19 Mortality in Hospitalized Patients Younger than 50.,https://doi.org/10.1002/oby.22913,Obesity,,,,,,,,AOR 3.3,1.4,7.7,<0.01,Significant,Adjusted,Extracted,"age decile, male sex, CAD, CHF, HTN, DM, hyperlipidemia, CKD, history of cancer, smoking (past or present), BMI 30 - 40 kg/m2, BMI  40 kg/m2 and race",Retrospective observational study,572,"Age < 50, New York City between March 1st and May 17th, 2020",,N,Y
15,2020-05-22,Factors associated with hospital admission and critical illness among 5279 people with coronavirus disease 2019 in New York City: prospective cohort study,https://doi.org/10.1136/bmj.m1966,BMJ,AOR=0.73,0.55,1.0,<0.05,Significant,Adjusted,Extracted,AHR=0.92,0.73,1.16,0.49,Not Significant,Adjusted,Extracted,Vital signs; Laboratory results,Retrospective observational study,990,"NYU Langone Health between March 1, 2020 to April 8, 2020",,Y,N
16,2020-05-22,Interim Analysis of Risk Factors for Severe Outcomes among a Cohort of Hospitalized Adults Identified through the U.S. Coronavirus Disease 2019 (COVID-19)-Associated Hospitalization Surveillance Network (COVID-NET),http://medrxiv.org/cgi/content/short/2020.05.18.20103390v1?rss=1,MedRxiv,RR 1.05,0.94,1.16,,Not Significant,Adjusted,Extracted,RR 1.33,1.1,1.61,,Significant,Adjusted,Extracted,"age, sex, race/ethnicity, smoker, hypertension, obesity, diabetes, chronic lung disease, cardiovascular disease, neurologic disease, renal disease, immunosuppression, hematologic disorders, and rheumatologic or autoimmune disease",Retrospective observational study,"2,490","122 counties located in 14 states 113 (California, Colorado, Connecticut, Georgia, Iowa, Maryland, Michigan, Minnesota, New Mexico, New 114 York, Ohio, Oregon, Tennessee, and Utah)",,Y,N
17,2020-05-22,Interim Analysis of Risk Factors for Severe Outcomes among a Cohort of Hospitalized Adults Identified through the U.S. Coronavirus Disease 2019 (COVID-19)-Associated Hospitalization Surveillance Network (COVID-NET),http://medrxiv.org/cgi/content/short/2020.05.18.20103390v1?rss=1,MedRxiv,RR 1.23,1.11,1.37,,Significant,Not Adjusted,Extracted,RR 2.45,2.04,2.93,,Significant,Not Adjusted,Extracted,,Retrospective observational study,2490,"121 counties located in 14 states 113 (California, Colorado, Connecticut, Georgia, Iowa, Maryland, Michigan, Minnesota, New Mexico, New 114 York, Ohio, Oregon, Tennessee, and Utah)",,Y,N
18,2020-05-22,Features of 20 133 UK patients in hospital with covid-19 using the ISARIC WHO Clinical Characterisation Protocol: prospective observational cohort study.,https://doi.org/10.1136/bmj.m1985,BMJ,,,,,,,,HR=1.28,1.18,1.39,<0.05,Significant,Adjusted,Extracted,Age; Sex: Major Comorbidity,Prospective observational study,20133,"208 acute care hospitals in England, Wales, and Scotland between 6 February and 19 April 2020",,N,N
19,2020-05-22,Predictors of mortality in hospitalized COVID-19 patients: A systematic review and meta-analysis.,https://doi.org/10.1002/jmv.26050,Journal of medical virology,,,,,,,,OR 9.41,3.23,27.4,<0.01,Significant,Not Adjusted,Extracted,,Systematic review and meta-analysis,6 studies enrolling 1087 patients,"PubMed, Google scholar, Web of Science, and China National Knowledge Infrastructure (CNKI) between January 1, 2020 and April 24, 2020 without language restriction",,N,N
20,2020-05-19,Risk factors for adverse clinical outcomes in patients with COVID-19: A systematic review and meta-analysis,http://medrxiv.org/cgi/content/short/2020.05.13.20100495v1?rss=1,MedRxiv,OR=1.20,0.13,10.82,0.87,Not Significant,Not Adjusted,Extracted,OR=4.26,0.62,29.09,0.14,Not Significant,Not Adjusted,Extracted,,Systematic review and meta-analysis,3 studies enrolling 366 patients,"PubMed from January 1 until April 19, 2020",,Y,N
21,2020-05-19,Factors Associated With Intubation and Prolonged Intubation in Hospitalized Patients With COVID-19,https://www.ncbi.nlm.nih.gov/pubmed/32423368/,Otolaryngol Head Neck Surg,OR 1.01,0.5,2.03,0.98,Not Significant,Not Adjusted,Calculated,,,,,,,,,Retrospective observational study,486,"Ten hospitals in the Chicago metropolitan area from March 1, 2020 to April 8, 2020",,Y,N
22,2020-05-19,"Epidemiology, clinical course, and outcomes of critically ill adults with COVID-19 in New York City: a prospective cohort study",https://www.sciencedirect.com/science/article/pii/S0140673620311892,Lancet,,,,,,,,HR=1.50,0.92,2.45,,Not Significant,Not Adjusted,Extracted,,Prospective observational study,257,"NewYork-Presbyterian hospitals Milstein Hospital and Allen Hospital from March 2, 2020 to April 1, 2020",,N,N
23,2020-05-19,When a nephrology ward becomes a COVID-19 ward: the Cremona experience,https://www.ncbi.nlm.nih.gov/pubmed/32430898/,J Nephrol,,,,,,,,OR 3.07,69.92,0.0,,Significant,Not Adjusted,Calculated,,Retrospective observational study,82,"Emergency Department  of Cremona Hospital, February 20 to April 15, 2020",,N,N
24,2020-05-16,"Severe obesity is associated with higher in-hospital mortality in a cohort of patients with COVID-19 in the Bronx, New York",https://www.ncbi.nlm.nih.gov/pubmed/32422233/,Metabolism,OR=1.30,0.62,2.69,0.49,Not Significant,Not Adjusted,Extracted,OR=2.14,1.08,4.24,<0.05,Significant,Not Adjusted,Extracted,,Retrospective observational study,200,"Montefiore Medical Center in the Bronx, New York admission from March 9, 2020 to March 22, 2020 (followed up through April 12, 2020)",,Y,N
25,2020-05-14,Clinical Characteristics and Outcomes of Patients With Diabetes and COVID-19 in Association With Glucose-Lowering Medication.,https://doi.org/10.2337/dc20-0660,Diabetes care,OR=7.23,2.82,18.57,,Significant,Not Adjusted,Extracted,OR=13.91,7.23,26.8,,Significant,Not Adjusted,Extracted,,Retrospective observational study,904,Central Hospital of Wuhan from 1 January 2020 to 17 March 2020,,N,Y
26,2020-05-14,Early estimation of the risk factors for hospitalisation and mortality by COVID-19 in Mexico,http://medrxiv.org/cgi/content/short/2020.05.11.20098145v1?rss=1,MedRxiv,,,,,,,,OR 2.93,5.35,0.0,,Significant,Not Adjusted,Calculated,,Retrospective observational study,9946,"Epidemiological Surveillance System for Viral Respiratory Diseases of the Mexican Ministry of Health (Secretaría de Salud, SS) on April 23rd, 2020",,N,N
27,2020-05-14,The association of cardiovascular disease and other pre-existing comorbidities with COVID-19 mortality: A systematic review and meta-analysis,http://medrxiv.org/cgi/content/short/2020.05.10.20097253v1?rss=1,MedRxiv,,,,,,,,RR 2.36,0.97,5.77,,Not Significant,Not Adjusted,Extracted,,Systematic review and meta-analysis,4 studies,"PubMed (MEDLINE), OVID (MEDLINE, HEALTHSTAR), SCOPUS, and medrxiv.org from October 1, 2019 to May 1, 2025",,N,N
28,2020-05-14,Characteristics and outcomes of patients hospitalized for COVID-19 and cardiac disease in Northern Italy,https://www.ncbi.nlm.nih.gov/pubmed/32383763/,Eur Heart J,,,,,,,Chronic kidney disease,OR 6.44,1.74,23.84,0.01,Significant,Not Adjusted,Calculated,,Retrospective observational study,99,"Civil Hospitals of Brescia, Lombardy, Italy, between 4 March and 25 March 2020",,N,N
29,2020-05-12,Development and Validation of a Clinical Risk Score to Predict the Occurrence of Critical Illness in Hospitalized Patients With COVID-19.,https://doi.org/10.1001/jamainternmed.2020.2033,JAMA internal medicine,OR 4.62,1.76,12.12,0,Significant,Not Adjusted,Calculated,,,,,,,,,Retrospective observational study,1590,"China National Health Commission between November 21, 2019 and January 31, 2020",,Y,N
30,2020-05-11,Association of the insulin resistance marker TyG index with the severity and mortality of COVID-19,https://doi.org/10.1186/s12933-020-01035-2,Cardiovasc Diabetol,OR 1.80,0.52,6.18,0.35,Not Significant,Not Adjusted,Calculated,,,,,,,,,Retrospective observational study,151,"Tongji Hospital of Huazhong University of Science and Technology in Wuhan, China from Jan 12 2020, to Feb 13 2020",,N,N
31,2020-05-11,Characteristics and clinical significance of myocardial injury in patients with severe coronavirus disease 2019,https://www.ncbi.nlm.nih.gov/pubmed/32391877/,Eur Heart J,,,,,,,,AHR=1.40,0.44,4.4,0.57,Not Significant,Adjusted,Extracted,Senior age; Lab values,Retrospective observational study,671,"Renmin Hospital of Wuhan University, located in Wuhan, Hubei Province, from February 18, 2020 through February 23, 2020",,N,N
32,2020-05-11,Characteristics and clinical significance of myocardial injury in patients with severe coronavirus disease 2019,https://www.ncbi.nlm.nih.gov/pubmed/32391877/,Eur Heart J,,,,,,,,AHR=1.60,0.52,4.91,0.41,Not Significant,Adjusted,Extracted,Lab values,Retrospective observational study,671,"Renmin Hospital of Wuhan University, located in Wuhan, Hubei Province, from February 18, 2020 through February 23, 2020",,N,N
33,2020-05-10,COVID-19 in solid organ transplant recipients: Initial report from the US epicenter,https://www.ncbi.nlm.nih.gov/pubmed/32330343/,Am J Transplant,OR 1.56,0.59,4.11,0.37,Not Significant,Not Adjusted,Calculated,,,,,,,,,Retrospective observational study,90,"Columbia University Irving Medical Center (CUIMC) and Weill Cornell Medicine (WCM) between March 13, 2020 and April 3, 2020",,Y,N
34,2020-05-10,COVID-19 in solid organ transplant recipients: Initial report from the US epicenter,https://www.ncbi.nlm.nih.gov/pubmed/32330343/,Am J Transplant,OR 1.56,0.59,4.11,0.37,Not Significant,Not Adjusted,Calculated,,,,,,,,,Retrospective observational study,90,"Columbia University Irving Medical Center (CUIMC) and Weill Cornell Medicine (WCM) between March 13, 2020 and April 3, 2020",,Y,N
35,2020-05-07,OpenSAFELY: factors associated with COVID-19-related hospital death in the linked electronic health records of 17 million adult NHS patients.,http://medrxiv.org/cgi/content/short/2020.05.06.20092999v1?rss=1,MedRxiv,,,,,,,,AHR 1.72,1.62,1.83,,Significant,Adjusted,Extracted,"age, gender, obesity, smoking status, diabetes, cancer, hematological malignancy, asthma, chronic respiratory disease, heart disease, hypertension, chronic liver disease, stroke or dementia, other neurological disease, reduced kidney function, organ transplant, spleen disease, rheumatoid arthritis/lupus/psoriasis, immunosuppression",Retrospective observational study,"17,425,445","TPP general practice in England from February 1 to April 25, 2020.",,N,N
36,2020-05-06,Correlation of coagulation parameters with clinical outcomes in Coronavirus-19 affected minorities in United States: Observational cohort,https://doi.org/10.1101/2020.05.01.20087932,MedRxiv,,,,,,,,OR 1.35,0.65,2.81,0.42,Not Significant,Not Adjusted,Calculated,,Retrospective observational study,217,"Montefiore Medical Center/University Hospital for Albert Einstein College of Medicine, Moses Campus between March 20th to March 31st 2020",,N,Y
37,2020-05-03,Systematic investigations of COVID-19 in 283 cancer patients,http://medrxiv.org/cgi/content/short/2020.04.28.20083246v1?rss=1,MedRxiv,OR=0.78,0.16,3.78,0.76,Not Significant,Not Adjusted,Extracted,,,,,,,,,Retrospective observational study,283,"Data of consecutive cancer patients admitted to 33 designated hospitals for COVID-19 in Hubei province, China from December 17, 2019 to March 18, 2020",,Y,N
38,2020-05-03,COVID-19 Infections and Outcomes in a Live Registry of Heart Failure Patients Across an Integrated Health Care System Short COVID-19 Infection in Heart Failure Corresponding Author,doi.org/10.1101/2020.04.27.20082016,medrxiv,,,,,,,,OR 2.36,1.12,4.99,0.02,Significant,Not Adjusted,Calculated,,Retrospective observational study,206,"Yale Heart Failure Registry (NCT04237701) on April 16th, 2020",,N,N
39,2020-05-02,The Chronic Kidney Disease and Acute Kidney Injury Involvement in COVID-19 Pandemic: A Systematic Review and Meta-analysis,https://doi.org/10.1101/2020.04.28.20083113,MedRxiv,OR 3.28,2.0,5.37,,Significant,Not Adjusted,Extracted,,,,,,,,,Systematic review and meta-analysis,"36 Studies, 6395 Patients","PubMed, medRxiv.gov, CNKI Database and WanFang Database were searched from their available dates of inception to the latest issue (April 13, 2020)",,N,N
40,2020-04-29,Supplementing the National Early Warning Score (NEWS2) for anticipating early deterioration among patients with COVID-19 infection,https://doi.org/10.1101/2020.04.24.20078006,medrxiv,OR 2.37,1.47,3.82,<0.01,,,,,,,,,,,,Retrospective observational study,708,UK NHS hospital from 1st March to 5th April 2020,,Y,N
41,2020-04-27,Estimating Survival of Hospitalized COVID-19 Patients from Admission Information,http://doi.org/10.1101/2020.04.22.20075416,medrxiv,,,,,,,,OR 3.15,2.5,3.95,<0.01,Significant,Not Adjusted,Calculated,,Retrospective observational study,5233,"Northwell Health acute care hospitals on or after March 1, 2020, and were discharged or died before April 12, 2020. Clinical outcomes (i.e., discharges, mortality, and length of stay) were monitored until April 12, 2020, the final date of follow-up",,N,Y
42,2020-04-26,ICU and ventilator mortality among critically ill adults with COVID-19,https://doi.org/10.1101/2020.04.23.20076737,MedRxiv,,,,,,,,OR 1.82,0.92,3.61,0.09,Not Significant,Not Adjusted,Calculated,,Retrospective observational study,217,"ICU of Emory Healthcare acute-care hospitals in Atlanta, Georgia from March 6, 2020 through April 17, 2026",,N,N
43,2020-04-25,The role of comorbidities and clinical predictors of severe disease in COVID-19: a systematic review and meta-analysis Emails,http://doi.org/10.1101/2020.04.21.20074633,,OR 6.38,3.23,12.59,,Significant,Not Adjusted,Extracted,,,,,,,,,Systematic review and meta-analysis,6 studies,"PubMed, Scopus, EMBASE, Web of Science, and Google Scholar searched through March 12 2025",5/6/2020,Y,N
44,2020-04-23,Clinical Characteristics of Hospitalized Covid-19 Patients in New York City,http://medrxiv.org/cgi/content/short/2020.04.19.20062117v1?rss=1,MedRxiv,,,,,,,,OR 2.02,1.31,3.1,<0.05,Significant,Not Adjusted,Calculated,,Retrospective observational study,2199,"Mount Sinai Hospital located in East Harlem, Manhattan; Mount Sinai Morningside located in Morningside Heights, Manhattan; Mount Sinai West located in Midtown and the West Side, Manhattan; Mount Sinai Brooklyn located in Midwood, Brooklyn; and Mount Sinai Queens located in Astoria, Queens from Feb 27, 2020 to Apr 2, 2020",,N,Y
45,2020-04-22,Characterization and Clinical Course of 1000 Patients with COVID-19 in New York: retrospective case series,https://doi.org/10.1101/2020.04.20.20072116,medrxiv,OR 0.79,0.51,1.24,0.31,Not Significant,Not Adjusted,Calculated,,,,,,,,,Retrospective observational study,1000,"NewYork-Presbyterian/Columbia University Irving Medical Center (NYP/CUIMC) from Mar 1, 2020 to April 15, 2030",,Y,N
46,2020-04-20,"Epidemiology, clinical course, and outcomes of critically ill adults with COVID-19 in New York City: a prospective cohort study",http://doi.org/10.1101/2020.04.15.20067157,medRxiv,,,,,,,,HR 1.58,0.94,2.66,,Not Significant,Not Adjusted,Extracted,,Prospective observational study,257,"Columbia University Irving Medical Center (2 affiliated hospitals in Manhattan) from March 2nd to April 1st, 2020.",,N,N
47,2020-04-20,"Epidemiology, clinical course, and outcomes of critically ill adults with COVID-19 in New York City: a prospective cohort study",http://doi.org/10.1101/2020.04.15.20067157,,,,,,,,,AHR 1.46,0.81,2.13,,Not Significant,Adjusted,Extracted,"Age, gender, symptom duration prior to presentation, hypertension, cardiovascular disease, COPD and/or interstitial lung disease, chronic kidney disease, diabetes, BMI >= 35, IL-6, D-dimer",Prospective observational study,257,"Columbia University Irving Medical Center (2 affiliated hospitals in Manhattan) from March 2nd to April 1st, 2020.",,N,N
48,2020-04-17,Well-aerated Lung on Admitting Chest CT to Predict Adverse Outcome in COVID-19 Pneumonia.,https://doi.org/10.1148/radiol.2020201433,Radiology,OR 5.2,1.4,18.9,0.01,,,,,,,,,,,,Retrospective observational study,236,"Italy, Emergency department admissions with CT results",,Y,N
49,2020-04-16,Characteristics and outcomes of a cohort of SARS-CoV-2 patients in the Province of Reggio,https://doi.org/10.1101/2020.04.13.20063545,medRxiv,HR 1.9,1.3,2.9,,Significant,Not Adjusted,Extracted,HR 1.5,0.9,2.6,,Not Significant,Not Adjusted,Extracted,,Retrospective observational study,2653,"All symptomatic patients who tested positive in Reggio from February 27 to April 2, 2020.",,N,N
50,2020-04-16,Characteristics and outcomes of a cohort of SARS-CoV-2 patients in the Province of Reggio,http://doi.org/10.1101/2020.04.13.20063545,,,,,,,,,HR 1.5,0.9,2.6,,Significant,Adjusted,Extracted,Age and gender,Retrospective observational study,2362,"All patients in Reggio Emilia, Italiy from Feb 27 to April 2, 2024",5/6/2020,N,N
51,2020-04-14,"Covid-19 Testing, Hospital Admission, and Intensive Care Among 2,026,227 United States Veterans Aged 54-75 Years",https://doi.org/10.1101/2020.04.09.20059964,MedRxiv,AOR=0.50,0.24,1.06,,Not Significant,Adjusted,Extracted,,,,,,,,Demographics; Baseline comorbidity; Medication history; Vital signs; Laboratory findings,Retrospective observational study,585,"Veterans Administration Healthcare System from February 8, 2020 to March 30, 2025",,Y,N
52,2020-04-14,"Covid-19 Testing, Hospital Admission, and Intensive Care Among 2,026,227 United States Veterans Aged 54-75 Years",https://doi.org/10.1101/2020.04.09.20059964,MedRxiv,AOR=0.65,0.35,1.21,,Not Significant,Adjusted,Extracted,,,,,,,,Demographics; Baseline comorbidity; Medication history; Vital signs,Retrospective observational study,585,"Veterans Administration Healthcare System from February 8, 2020 to March 30, 2026",,Y,N
53,2020-04-14,"Covid-19 Testing, Hospital Admission, and Intensive Care Among 2,026,227 United States Veterans Aged 54-75 Years",https://doi.org/10.1101/2020.04.09.20059964,MedRxiv,OR=1.73,1.08,2.77,,Significant,Not Adjusted,Extracted,,,,,,,,,Retrospective observational study,585,"Veterans Administration Healthcare System from February 8, 2020 to March 30, 2024",,Y,N
54,2020-04-11,"Factors associated with hospitalization and critical illness among 4,103 patients with",http://doi.org/10.1101/2020.04.08.20057794,medRxiv,OR 0.51,0.29,0.89,0.02,Significant,Not Adjusted,Extracted,,,,,,,,,Cross-sectional study,4103,"Single-center study in  New York City between March 1, 2020 and April 2, 2020, with follow up through April 7, 2022",4/21/2020,Y,N
55,2020-04-08,Does comorbidity increase the risk of patients with COVID-19: evidence from meta-analysis,https://www.ncbi.nlm.nih.gov/pmc/articles/PMC7185114/,Aging,OR 2.51,0.93,6.78,,Not Significant,Not Adjusted,Extracted,,,,,,,,,Systematic review and meta-analysis,1558,"PubMed (Medline), EMBASE, Springer, Web of Science, and Cochrane Library databases up to date to March 1, 2020",,N,N
56,2020-04-03,"Preliminary Estimates of the Prevalence of Selected Underlying Health Conditions Among Patients with Coronavirus Disease 2019 — United States, February 12–March 28, 2020 [MMWR Morb Mortal Wkly Rep]",https://www.ncbi.nlm.nih.gov/pmc/articles/PMC7119513/,Morbidity and Mortality Weekly Report,OR 6.57,4.8,9.0,<0.01,Significant,Not Adjusted,Calculated,,,,,,,,,Retrospective observational study,7162,"CDC passive surveillance registry as of March 28, 2022",,Y,N
57,2020-04-03,History of coronary heart disease increases the mortality rate of COVID-19 patients: a nested case-control study,https://doi.org/10.1101/2020.03.23.20041848,medRxiv,,,,,,,,HR 2.3,0.9,6.0,0.09,Not Significant,Not Adjusted,Extracted,,Retrospective observational study,275,"mainland China outside of Hubei Province, from December 18th, 2019 to March 8, 2027",4/10/2020,N,N
58,2020-04-02,"Clinical features of 95 sequential hospitalised patients with novel coronavirus 2019 disease (COVID-19), the first UK cohort",doi.org/10.1016/j.jinf.2020.04.020,Journal of Infection,,,,,,,,OR 1.58,0.52,4.77,0.42,Not Significant,Not Adjusted,Calculated,,Retrospective observational study,95,"North Bristol NHS Trust March 10 to March 30, 2020",,N,N
59,2020-03-17,"Incidence, clinical characteristics and prognostic factor of patients with COVID-19: a systematic review and meta-analysis",https://doi.org/10.1101/2020.03.17.20037572,medRxiv,OR 6.02,2.19,16.51,,Significant,Not Adjusted,Extracted,,,,,,,,Chronic kidney disease,Systematic review and meta-analysis,4 studies enrolling 1620 patients,"PubMed, Web of Science Core Collection, Embase, Cochrane and MedRxiv databases were searched through February 25, 2020.",4/10/2020,N,N
