,Date,Study,Study Link,Journal,Severe,Severe lower bound,Severe upper bound,Severe p-value,Severe Significant,Severe Adjusted,Severe Calculated,Fatality,Fatality lower bound,Fatality upper bound,Fatality p-value,Fatality Significant,Fatality Adjusted,Fatality Calculated,Multivariate adjustment,Study Type,Sample Size,Study Population,Added on,Critical only,Discharged vs. death?
0,2020-05-19,Risk factors for adverse clinical outcomes in patients with COVID-19: A systematic review and meta-analysis,http://medrxiv.org/cgi/content/short/2020.05.13.20100495v1?rss=1,MedRxiv,,,,,,,,OR=1.39,0.54,3.59,0.5,Not Significant,Not Adjusted,Extracted,,Systematic review and meta-analysis,3 studies enrolling 1116 patients,"PubMed from January 1 until April 19, 2020",,N,N
1,2020-05-13,Effects of pre-existing morbidities on occurrence of death among COVID-19 disease patients: A systematic review and meta-analysis,http://medrxiv.org/cgi/content/short/2020.05.08.20095968v1?rss=1,MedRxiv,,,,,,,,OR=1.33,0.56,3.19,,Not Significant,Not Adjusted,Extracted,,Systematic review and meta-analysis,36398,"Medline, Web of Science, Scopus, and CINAHL were searched, concluded on May 01, 2020",,N,N
2,2020-06-03,Plasma albumin levels predict risk for nonsurvivors in critically ill patients with COVID-19,https://doi.org/10.2217/bmm-2020-0254,Biomarkers in medicine,OR 2.14,0.81,5.64,0.12,Not Significant,Not Adjusted,Calculated,,,,,,,,,Retrospective observational study,134,Central Hospital of Wuhan from 1 January to 20 February 2020,,Y,N
3,2020-05-26,"Association of age, sex, comorbidities, and clinical symptoms with the severity and mortality of COVID-19 cases: a meta-analysis with 85 studies and 67299 cases",http://medrxiv.org/cgi/content/short/2020.05.23.20110965v1?rss=1,MedRxiv,,,,,,,,OR=1.43,0.52,3.98,0.5,Not Significant,Not Adjusted,Extracted,,Systematic review and meta-analysis,"85 articles, 67299 cases","PubMed, ScienceDirect, and SAGE database from January 1, 2020, to May 17, 2020",,N,N
4,2020-04-15,"Risk factors for disease severity, unimprovement, and mortality of COVID-19 patients in Wuhan, China [Clinical Microbiology and Infection]",https://www.clinicalmicrobiologyandinfection.com/article/S1198-743X(20)30217-2/pdf,Clinical Microbiology and Infection,OR 1.55,0.7,3.42,0.28,Not Significant,Not Adjusted,Calculated,,,,,,,,,Retrospective observational study,663,"Renmin Hospital of Wuhan University from January 11th to February 6th, 2020",,N,N
5,2020-03-27,Predicting COVID-19 malignant progression with AI techniques,http://doi.org/10.1101/2020.03.20.20037325,medrxiv,OR 1.24,0.47,3.22,0.66,,,,,,,,,,,,Retrospective observational study,133,"Wuhan Pulmonary Hospital from January 3 to February 13, 2024",,N,N
6,2020-02-12,Caution on Kidney Dysfunctions of COVID-19 Patients,http://doi.org/10.1101/2020.02.08.20021212,,OR 2.40,0.92,6.25,0.07,Not Significant,Not Adjusted,Calculated,,,,,,,,,Retrospective observational study,193,"Wuhan Tongji hospital, Wuhan Pulmonary Hospital, Huangshi Central Hospital and Chongqing Southwest Hospital from January 6 to February 21, 2023",5/6/2020,N,N
