,Date,Study,Study Link,Journal,Severe,Severe lower bound,Severe upper bound,Severe p-value,Severe Significant,Severe Adjusted,Severe Calculated,Fatality,Fatality lower bound,Fatality upper bound,Fatality p-value,Fatality Significant,Fatality Adjusted,Fatality Calculated,Multivariate adjustment,Study Type,Sample Size,Study Population,Added on,Critical only,Discharged vs. death?
0,2020-06-01,COVID-19 with Different Severities: A Multicenter Study of Clinical Features,https://www.ncbi.nlm.nih.gov/pubmed/32275452/,Am J Respir Crit Care Med,OR 6.69,2.78,16.13,0,Significant,Not Adjusted,Calculated,,,,,,,,,Retrospective observational study,476,"Jinyintan Hospital in Wuhan, Shanghai Public Health Clinical Center in Shanghai, and Tongling People’s Hospital in Anhui Province, China from January 1, 2020, to February 15, 2020.",,Y,N
1,2020-06-01,Characteristics and Outcomes of COVID-19 Patients in New York City's Public Hospital System,http://medrxiv.org/cgi/content/short/2020.05.29.20086645v1?rss=1,MedRxiv,,,,,,,,OR 1.11,0.83,1.48,0.48,Not Significant,Not Adjusted,Calculated,,Retrospective observational study,13442,"New York City Health and Hospital between March 5 and April 9, 2020",,N,N
2,2020-05-31,Clinical Features and Short-term Outcomes of Elderly Patients With COVID-19,https://www.sciencedirect.com/science/article/pii/S120197122030415X?v=s5,Int J Infect Dis,,,,,,,,HR=3.1,1.8,5.4,<0.05,Significant,Not Adjusted,Extracted,,Retrospective observational study,204,"Renmin  Hospital  of  Wuhan University  from  January 31 to February  20, 2020",,N,N
3,2020-05-29,Phenotypic characteristics and prognosis of inpatients with COVID-19 and diabetes: the CORONADO study,https://www.ncbi.nlm.nih.gov/pubmed/32472191/,Diabetologia,OR: 0.96,0.64,1.43,,Not Significant,Not Adjusted,Extracted,OR: 1.36,0.8,2.32,,Not Significant,Not Adjusted,Extracted,,Retrospective observational study,1317,The CORONADO study was launched in all French hospitals volunteering to share data on hospitalised COVID-19 patients with diabetes,,Y,N
4,2020-05-26,Psychiatric Predictors of COVID-19 Outcomes in a Skilled Nursing Facility Cohort,http://medrxiv.org/cgi/content/short/2020.05.23.20099671v1?rss=1,MedRxiv,OR 11.14,1.83,67.89,0.01,Significant,Not Adjusted,Extracted,OR 2.67,0.52,13.69,0.24,Not Significant,Not Adjusted,Extracted,,Retrospective observational study,81,Veteran's Administration skilled nursing facility,,Y,N
5,2020-05-26,ICU and Ventilator Mortality Among Critically Ill Adults With Coronavirus Disease 2019,https://doi.org/10.1097/ccm.0000000000004457,Crit Care Med,,,,,,COPD,,OR 0.83,0.29,2.42,0.74,Not Significant,Not Adjusted,Calculated,,Retrospective observational study,217,"ICU of Emory Healthcare acute-care hospitals in Atlanta, Georgia from March 6, 2020, to April 17, 2026",,N,N
6,2020-05-25,Predictive symptoms and comorbidities for severe COVID-19 and intensive care unit admission: a systematic review and meta-analysis,https://www.ncbi.nlm.nih.gov/pmc/articles/PMC7246302/,Int J Public Health,OR 17.8,6.56,48.2,,Significant,Not Adjusted,Extracted,,,,,,,,,Systematic review and meta-analysis,Not reported out of 7 studies enrolling 2912 patients,"MEDLINE, EMBASE and Global Health",,Y,N
7,2020-05-25,Predictive symptoms and comorbidities for severe COVID-19 and intensive care unit admission: a systematic review and meta-analysis,https://www.ncbi.nlm.nih.gov/pmc/articles/PMC7246302/,Int J Public Health,OR 6.42,2.44,16.9,,Significant,Not Adjusted,Extracted,,,,,,,,,Systematic review and meta-analysis,Not reported out of 7 studies enrolling 2912 patients,"MEDLINE, EMBASE and Global Health",,N,N
8,2020-05-22,Predictors of mortality in hospitalized COVID-19 patients: A systematic review and meta-analysis.,https://doi.org/10.1002/jmv.26050,Journal of medical virology,,,,,,,,OR=2.09,0.49,8.9,0.32,Not Significant,Not Adjusted,Extracted,,Systematic review and meta-analysis,4 studies enrolling 450 patients,"PubMed, Google scholar, Web of Science, and China National Knowledge Infrastructure (CNKI) between January 1, 2020 and April 24, 2020 without language restriction",,N,N
9,2020-05-19,Risk factors for adverse clinical outcomes in patients with COVID-19: A systematic review and meta-analysis,http://medrxiv.org/cgi/content/short/2020.05.13.20100495v1?rss=1,MedRxiv,,,,,,,,OR=3.65,1.25,10.64,<0.05,Significant,Not Adjusted,Extracted,,Systematic review and meta-analysis,4 studies enrolling 1199 patients,"PubMed from January 1 until April 19, 2020",,N,N
10,2020-05-17,The impact of COPD and smoking history on the severity of COVIDâ€19: A systemic review and metaâ€analysis,https://doi.org/10.1002/jmv.25889,J Med Virol,OR: 4.38,2.34,8.2,0.08,Not Significant,Not Adjusted,Extracted,OR: 1.93,0.59,7.43,0.11,Not Significant,Not Adjusted,Extracted,,Systematic review and meta-analysis,11 studies,"PubMed, Web of Science, Cochrane, WanFang Database, andCNKI from December 2019 to 22 March 2020",,N,N
11,2020-05-16,"Severe obesity is associated with higher in-hospital mortality in a cohort of patients with COVID-19 in the Bronx, New York",https://www.ncbi.nlm.nih.gov/pubmed/32422233/,Metabolism,,,,,,,,AOR=1.85,0.75,4.56,0.18,Not Significant,Adjusted,Extracted,Sex; Age (quartiles); BMI<25; BMI>35; Heart failure; CAD; CKD or ESRD; COPD,Retrospective observational study,200,"Montefiore Medical Center in the Bronx, New York admission from March 9, 2020 to March 22, 2020 (followed up through April 12, 2020)",,Y,N
12,2020-05-16,"Severe obesity is associated with higher in-hospital mortality in a cohort of patients with COVID-19 in the Bronx, New York",https://www.ncbi.nlm.nih.gov/pubmed/32422233/,Metabolism,,,,,,,,AOR=2.05,0.76,5.51,0.16,Not Significant,Adjusted,Extracted,Sex; Age (quartiles); BMI<25; BMI>35; Heart failure; CAD; CKD or ESRD; COPD; Diabetes; Current/former smoker,Retrospective observational study,200,"Montefiore Medical Center in the Bronx, New York admission from March 9, 2020 to March 22, 2020 (followed up through April 12, 2020)",,Y,N
13,2020-05-16,"Severe obesity is associated with higher in-hospital mortality in a cohort of patients with COVID-19 in the Bronx, New York",https://www.ncbi.nlm.nih.gov/pubmed/32422233/,Metabolism,OR=2.00,0.83,4.82,0.13,Not Significant,Not Adjusted,Extracted,OR=3.39,1.48,7.8,<0.05,Significant,Not Adjusted,Extracted,,Retrospective observational study,200,"Montefiore Medical Center in the Bronx, New York admission from March 9, 2020 to March 22, 2020 (followed up through April 12, 2020)",,Y,N
14,2020-05-15,Low dose of hydroxychloroquine reduces fatality of critically ill patients with COVID-19,https://doi.org/10.1007/s11427-020-1732-2,Sci China Life Sci,,,,,,,,AHR=0.77,0.31,1.93,0.58,Not Significant,Adjusted,Extracted,Hydroxychloroquine treated; Age; Gender; Hypertension; CHD; COPD; Diabetes; Body temperature; SpO2; Oxygen Therapy; Mechanical ventilation,Retrospective observational study,550,"Tongji Hospital from Feb 1, 2020 to Apr 4, 2020",,N,N
15,2020-05-15,Low dose of hydroxychloroquine reduces fatality of critically ill patients with COVID-19,https://doi.org/10.1007/s11427-020-1732-2,Sci China Life Sci,,,,,,,,HR=1.12,0.55,2.26,0.76,Not Significant,Not Adjusted,Extracted,,Retrospective observational study,550,"Tongji Hospital from Feb 1, 2020 to Apr 4, 2020",,N,N
16,2020-05-14,"Obesity and COVID-19 Severity in a Designated Hospital in Shenzhen, China.",https://doi.org/10.2337/dc20-0576,Diabetes care,OR 2.39,1.13,5.06,0.02,,,,,,,,,,,,Retrospective observational study,383,"Third People’s Hospital of Shenzhen, from 11 January 2020 to 16 February 2020 (followed until 26 March 2020)",,N,N
17,2020-05-14,Early estimation of the risk factors for hospitalisation and mortality by COVID-19 in Mexico,http://medrxiv.org/cgi/content/short/2020.05.11.20098145v1?rss=1,MedRxiv,,,,,,,,OR 3.39,5.8,0.0,,Significant,Not Adjusted,Calculated,,Retrospective observational study,9946,"Epidemiological Surveillance System for Viral Respiratory Diseases of the Mexican Ministry of Health (Secretaría de Salud, SS) on April 23rd, 2020",,N,N
18,2020-05-14,The association of cardiovascular disease and other pre-existing comorbidities with COVID-19 mortality: A systematic review and meta-analysis,http://medrxiv.org/cgi/content/short/2020.05.10.20097253v1?rss=1,MedRxiv,,,,,,,,RR 1.76,0.92,3.36,,Not Significant,Not Adjusted,Extracted,,Systematic review and meta-analysis,7 studies,"PubMed (MEDLINE), OVID (MEDLINE, HEALTHSTAR), SCOPUS, and medrxiv.org from October 1, 2019 to May 1, 2021",,N,N
19,2020-05-12,Development and Validation of a Clinical Risk Score to Predict the Occurrence of Critical Illness in Hospitalized Patients With COVID-19.,https://doi.org/10.1001/jamainternmed.2020.2033,JAMA internal medicine,OR 12.16,5.35,27.66,0,Significant,Not Adjusted,Calculated,,,,,,,,,Retrospective observational study,1590,"China National Health Commission between November 21, 2019 and January 31, 2020",,Y,N
20,2020-05-10,Age-adjusted associations between comorbidity and outcomes of COVID-19: a review of the evidence,http://medrxiv.org/cgi/content/short/2020.05.06.20093351v1?rss=1,MedRxiv,AHR=2.68,1.42,5.05,,Significant,Adjusted,Extracted,AHR=0.39,0.04,3.68,,Not Significant,Adjusted,Extracted,Severity: Age; Smoking: Fatality: Age; Other comorbidities; Clinical biomarkers,Expert review,"severity: 1590, fatality: 416","Pennington et al., Web of Science, Google Scholar, WHO, MEDLINE, CDC of the USA, Europe, and China",,Y,N
21,2020-05-05,Clinical characteristics of 106 patients with neurological diseases and co-morbid coronavirus disease 2019: a retrospective study,http://medrxiv.org/cgi/content/short/2020.04.29.20085415v1?rss=1,MedRxiv,OR 1.07,0.34,3.35,0.9,Not Significant,Not Adjusted,Calculated,,,,,,,,,Retrospective observational study,106,"Huoshenshan Hospital from Feb 4, 2020 to Apr 14, 2020",,N,N
22,2020-05-03,Systematic investigations of COVID-19 in 283 cancer patients,http://medrxiv.org/cgi/content/short/2020.04.28.20083246v1?rss=1,MedRxiv,OR=2.26,0.88,5.77,0.09,Not Significant,Not Adjusted,Extracted,,,,,,,,,Retrospective observational study,283,"Data of consecutive cancer patients admitted to 33 designated hospitals for COVID-19 in Hubei province, China from December 17, 2019 to March 18, 2020",,Y,N
23,2020-05-03,COVID-19 Infections and Outcomes in a Live Registry of Heart Failure Patients Across an Integrated Health Care System Short COVID-19 Infection in Heart Failure Corresponding Author,doi.org/10.1101/2020.04.27.20082016,medrxiv,,,,,,,,OR 1.16,0.54,2.51,0.71,Not Significant,Not Adjusted,Calculated,,Retrospective observational study,206,"Yale Heart Failure Registry (NCT04237701) on April 16th, 2020",,N,N
24,2020-05-01,"Cardiovascular Disease, Drug Therapy, and Mortality in Covid-19",https://www.ncbi.nlm.nih.gov/pubmed/32356626/,N Engl J Med,,,,,,,,AOR=2.96,2.0,4.4,,Significant,Adjusted,Extracted,Age (>65); female sex; CAD; CHF; Arrhythmia; COPD; Current smoker; ACE inhibitors; ARB; Statin,Retrospective observational study,8910,"169 hospitals located in 11 countries in Asia, Europe, and North America from Dec 20, 2019 to March 15, 2020",,N,N
25,2020-05-01,"Cardiovascular Disease, Drug Therapy, and Mortality in Covid-19",https://www.ncbi.nlm.nih.gov/pubmed/32356626/,N Engl J Med,,,,,,,,OR 1.92,4.14,0.0,,Significant,Not Adjusted,Calculated,,Retrospective observational study,8910,"169 hospitals located in 11 countries in Asia, Europe, and North America from Dec 20, 2019 to March 15, 2020",,N,N
26,2020-04-29,Supplementing the National Early Warning Score (NEWS2) for anticipating early deterioration among patients with COVID-19 infection,https://doi.org/10.1101/2020.04.24.20078006,medrxiv,OR 2.06,1.13,3.77,0.02,,,,,,,,,,,,Retrospective observational study,708,UK NHS hospital from 1st March to 5th April 2020,,Y,N
27,2020-04-28,"Features of 16,749 hospitalised UK patients with COVID-19 using the ISARIC WHO Clinical Characterisation Protocol",https://doi.org/10.1101/2020.04.23.20076042,medrxiv,,,,,,,,HR 1.19,1.05,1.34,<0.05,Significant,Not Adjusted,Extracted,,Retrospective observational study,16749,166 UK hospitals between 6 th February and 18 th April 2020,,N,N
28,2020-04-25,The role of comorbidities and clinical predictors of severe disease in COVID-19: a systematic review and meta-analysis Emails,http://doi.org/10.1101/2020.04.21.20074633,,OR 4.07,2.3,7.22,,Significant,Not Adjusted,Extracted,,,,,,,,,Systematic review and meta-analysis,8 studies,"PubMed, Scopus, EMBASE, Web of Science, and Google Scholar searched through March 12 2020",5/6/2020,Y,N
29,2020-04-17,Clinical Characteristics of Covid-19 in New York City,doi.org/10.1056/nejmc2010419,New England Journal of Medicine,OR 1.09,0.43,2.81,0.85,Not Significant,Not Adjusted,Calculated,,,,,,,,,Retrospective observational study,393,"2 hospitals in Manhattan from March 3 - March 27, 2020",,Y,N
30,2020-04-17,The Characteristics of 50 Hospitalized COVID-19 Patients With and Without ARDS,https://www.ncbi.nlm.nih.gov/pmc/articles/PMC7171478/,Deutsches Arzeblatt International,OR 1.4,0.37,5.37,0.62,Not Significant,Not Adjusted,Calculated,,,,,,,,,Retrospective observational study,50,Aachen University Hospital during the period between February and March 2020,,Y,N
31,2020-04-16,Characteristics and outcomes of a cohort of SARS-CoV-2 patients in the Province of Reggio,https://doi.org/10.1101/2020.04.13.20063545,medRxiv,HR 1.9,1.4,2.5,,Significant,Not Adjusted,Extracted,HR 1.1,0.7,1.7,,Not Significant,Not Adjusted,Extracted,,Retrospective observational study,2653,"All symptomatic patients who tested positive in Reggio from February 27 to April 2, 2020.",,N,N
32,2020-04-16,Characteristics and outcomes of a cohort of SARS-CoV-2 patients in the Province of Reggio,http://doi.org/10.1101/2020.04.13.20063545,,,,,,,,,HR 1.1,0.7,1.7,,Not Significant,Adjusted,Extracted,Age and gender,Retrospective observational study,2362,"All patients in Reggio Emilia, Italiy from Feb 27 to April 2, 2020",5/6/2020,N,N
33,2020-04-14,"Covid-19 Testing, Hospital Admission, and Intensive Care Among 2,026,227 United States Veterans Aged 54-75 Years",https://doi.org/10.1101/2020.04.09.20059964,MedRxiv,AOR=1.47,0.79,2.73,,Not Significant,Adjusted,Extracted,,,,,,,,Demographics; Baseline comorbidity; Medication history; Vital signs,Retrospective observational study,585,"Veterans Administration Healthcare System from February 8, 2020 to March 30, 2029",,Y,N
34,2020-04-14,"Covid-19 Testing, Hospital Admission, and Intensive Care Among 2,026,227 United States Veterans Aged 54-75 Years",https://doi.org/10.1101/2020.04.09.20059964,MedRxiv,AOR=1.81,0.92,3.58,,Not Significant,Adjusted,Extracted,,,,,,,,Demographics; Baseline comorbidity; Medication history; Vital signs; Laboratory findings,Retrospective observational study,585,"Veterans Administration Healthcare System from February 8, 2020 to March 30, 2028",,Y,N
35,2020-04-14,"Covid-19 Testing, Hospital Admission, and Intensive Care Among 2,026,227 United States Veterans Aged 54-75 Years",https://doi.org/10.1101/2020.04.09.20059964,MedRxiv,OR=1.93,1.17,3.18,,Significant,Not Adjusted,Extracted,,,,,,,,,Retrospective observational study,585,"Veterans Administration Healthcare System from February 8, 2020 to March 30, 2027",,Y,N
36,2020-04-10,The Use of Adjuvant Therapy in Preventing Progression to Severe Pneumonia in Patients with Coronavirus Disease 2019: A Multicenter Data Analysis,http://doi.org/10.1101/2020.04.08.20057539,medRxiv,OR: 10.46,3.76,29.1,<0.01,Significant,Not Adjusted,Calculated,,,,,,,,,Retrospective observational study,564,"Third Xiangya Hospital of Central South University, Changsha Public Health Treatment Center, First Hospital of Yueyang, Junshan People’s Hospital of Yueyang, Central Hospital of Shaoyang, Central Hospital of Xiangtan, Second Hospital of Changde, Central Hospital of Loudi, and First Affiliated Hospital of University of South China from January 17, 2020 to February 28, 2020.",4/20/2020,N,N
37,2020-04-10,Neutrophil-to-lymphocyte ratio as an independent risk factor for mortality in hospitalized patients with COVID-19,https://doi.org/10.1016/j.jinf.2020.04.002,Journal of Infection,,,,,,,,OR 4.14,0.94,18.22,0.06,Not Significant,Not Adjusted,Extracted,,Retrospective observational study,245,"Zhongnan Hospital of Wuhan University from January 1 to February 29, 2020",,N,N
38,2020-04-08,Does comorbidity increase the risk of patients with COVID-19: evidence from meta-analysis,https://www.ncbi.nlm.nih.gov/pmc/articles/PMC7185114/,Aging,OR 5.97,2.49,14.29,,Significant,Not Adjusted,Extracted,,,,,,,,,Systematic review and meta-analysis,1558,"PubMed (Medline), EMBASE, Springer, Web of Science, and Cochrane Library databases up to date to March 1, 2020",,N,N
39,2020-04-03,History of coronary heart disease increases the mortality rate of COVID-19 patients: a nested case-control study,https://doi.org/10.1101/2020.03.23.20041848,medRxiv,,,,,,,,AHR 1.9,0.9,3.9,0.1,Not Significant,Adjusted,Extracted,"Age, gender, admitted before 1/11/2020, renal failure, heart disease, cerebral infarction",Retrospective observational study,275,"mainland China outside of Hubei Province, from December 18th, 2019 to March 8, 2030",4/10/2020,N,N
40,2020-04-03,Coronavirus Disease 2019 in elderly patients: characteristics and prognostic factors based on 4-week follow-up [Journal of Infection],https://doi.org/10.1016/j.jinf.2020.03.019,Journal of Infection,,,,,,,,AHR 2.24,1.12,4.5,0.02,Significant,Adjusted,Extracted,"age, cardiovascular disease, cerebrovascular disease, COPD",Prospective observational study,339,"age over 60 years old admitted to Renmin Hospital of Wuhan University from Jan 1 to Feb 6, 2020 (followed up until March 5)",4/10/2020,N,N
41,2020-04-03,History of coronary heart disease increases the mortality rate of COVID-19 patients: a nested case-control study,https://doi.org/10.1101/2020.03.23.20041848,medRxiv,,,,,,,,HR 2.6,1.2,5.6,0.01,Significant,Not Adjusted,Extracted,,Retrospective observational study,275,"mainland China outside of Hubei Province, from December 18th, 2019 to March 8, 2025",4/10/2020,N,N
42,2020-04-01,Risk factors for severe corona virus disease 2019 (COVID-19) patients : a systematic review and meta analysis,https://doi.org/10.1101/2020.03.30.20047415,medRxiv,OR 3.56,1.33,9.54,,Significant,Not Adjusted,Extracted,,,,,,,,,Systematic review and meta-analysis,5 studies enrolling 623 patients,"China National Knowledge Infrastructure (CNKI), Wanfang, Weipu, Chinese Biomedicine Literature Database (CBM-SinoMed), MEDLINE (via PubMed), EMBASE, Cochrane Central Register and Web of science searched through  8 March 2027",,N,N
43,2020-03-27,"Prevalence, Severity and Mortality associated with COPD and Smoking in patients with COVID-19: A Rapid Systematic Review and Meta-Analysis [medrxiv]",https://doi.org/10.1101/2020.03.25.20043745,medRxiv,RR 1.88,1.4,2.04,,Significant,Not Adjusted,Extracted,RR 1.1,0.6,1.8,,Not Significant,Not Adjusted,Extracted,,Systematic review and meta-analysis,7 studies enrolling 1259 patients,"MEDLINE and Google scholar searched through March 16, 2020",4/10/2020,N,N
44,2020-03-24,Chronic obstructive pulmonary disease is associated with severe coronavirus disease 2019 (COVID-19),https://doi.org/10.1016/j.rmed.2020.105941,Respiratory Medicine,OR 5.69,2.49,13.0,,Significant,Not Adjusted,Extracted,,,,,,,,,Systematic review and meta-analysis,7 studies enrolling 1592 patients,"Web of Science, Scopus and PubMed, English language only, cross-sectional and case series papers with data on COPD",4/10/2020,N,N
45,2020-03-17,"Incidence, clinical characteristics and prognostic factor of patients with COVID-19: a systematic review and meta-analysis",https://doi.org/10.1101/2020.03.17.20037572,medRxiv,OR 5.32,2.61,10.85,,Significant,Not Adjusted,Extracted,,,,,,,,COPD,Systematic review and meta-analysis,6 studies enrolling 2283 patients,"PubMed, Web of Science Core Collection, Embase, Cochrane and MedRxiv databases were searched through February 25, 2020.",,N,N
46,2020-03-16,Systematic review and meta-analysis of predictive symptoms and comorbidities for severe COVID-19 infection,https://www.medrxiv.org/content/10.1101/2020.03.15.20035360v1.full.pdf,medRxiv,OR 17.8,6.56,48.2,<0.01,Significant,Not Adjusted,Extracted,,,,,,,,,Systematic review and meta-analysis,6 studies enrolling 212 patients,"MEDLINE, EMBASE and Global Health, from 1st January 2019 to 5th March 2020",4/12/2020,Y,N
47,2020-03-16,Systematic review and meta-analysis of predictive symptoms and comorbidities for severe COVID-19 infection,https://www.medrxiv.org/content/10.1101/2020.03.15.20035360v1.full.pdf,medRxiv,OR 6.42,2.44,16.9,<0.01,Significant,Not Adjusted,Extracted,,,,,,,,,Systematic review and meta-analysis,3 studies enrolling 1255 patients,"MEDLINE, EMBASE and Global Health, from 1st January 2019 to 5th March 2020",4/10/2020,N,N
48,2020-03-10,Prognostic value of NT-proBNP in patients with severe COVID-19,https://doi.org/10.1101/2020.03.07.20031575,Respiratory Research,,,,,,,,HR 4.13 (95% CI: 0.95-18.02) p=0.06,,,,Not Significant,Not Adjusted,Extracted,,Retrospective observational study,54,Hubei General Hospital (followed for 15 days),4/10/2020,N,N
49,2020-02-28,Clinical Characteristics of Coronavirus Disease 2019 in China,https://www.ncbi.nlm.nih.gov/pubmed/32109013/,New England Journal of Medicine,OR 23.96,7.39,77.74,<0.01,Significant,Not Adjusted,Calculated,,,,,,,,,Retrospective observational study,1099,"552 hospitals in China between Dec 11, 2020 to Jan 29, 2020",4/10/2020,Y,N
50,2020-02-28,Clinical Characteristics of Coronavirus Disease 2019 in China,https://www.ncbi.nlm.nih.gov/pubmed/32109013/,New England Journal of Medicine,OR 5.51,1.76,17.29,<0.01,Significant,Not Adjusted,Calculated,,,,,,,,,Retrospective observational study,1099,"552 hospitals in China between Dec 11, 2020 to Jan 29, 2020",4/10/2020,N,N
51,2020-02-27,"Comorbidity and its impact on 1,590 patients with COVID-19 in China: A Nationwide Analysis [medrxiv]",https://doi.org/10.1101/2020.02.25.20027664,medRxiv,HR 2.68,1.42,5.05,<0.01,Significant,Not Adjusted,Extracted,,,,,,,,,Retrospective observational study,1590,"575 hospitals in China, from  November 21st, 2019 to January 31st, 2020",4/10/2020,Y,N
52,2020-02-09,Clinical characteristics of 2019 novel coronavirus infection in China,https://doi.org/10.1101/2020.02.06.20020974,New England Journal of Medicine,OR 5.51,1.76,17.29,<0.01,Significant,Not Adjusted,Calculated,,,,,,,,,Retrospective observational study,1099,"552 hospitals in China between Dec 11, 2020 to Jan 29, 2020",,N,N
