,Date,Study,Study Link,Journal,Severe,Severe lower bound,Severe upper bound,Severe p-value,Severe Significant,Severe Adjusted,Severe Calculated,Fatality,Fatality lower bound,Fatality upper bound,Fatality p-value,Fatality Significant,Fatality Adjusted,Fatality Calculated,Multivariate adjustment,Study Type,Sample Size,Study Population,Added on,Critical only,Discharged vs. death?
0,2020-05-19,Risk factors for adverse clinical outcomes in patients with COVID-19: A systematic review and meta-analysis,http://medrxiv.org/cgi/content/short/2020.05.13.20100495v1?rss=1,MedRxiv,OR=2.47,0.57,10.81,0.23,Not Significant,Not Adjusted,Extracted,,,,,,,,,Systematic review and meta-analysis,3 studies enrolling 243 patients,"PubMed from January 1 until April 19, 2020",,N,N
1,2020-04-15,"Risk factors for disease severity, unimprovement, and mortality of COVID-19 patients in Wuhan, China [Clinical Microbiology and Infection]",https://www.clinicalmicrobiologyandinfection.com/article/S1198-743X(20)30217-2/pdf,Clinical Microbiology and Infection,OR 2.55,1.38,4.7,<0.01,Significant,Not Adjusted,Calculated,,,,,,,,,Retrospective observational study,663,"Renmin Hospital of Wuhan University from January 11th to February 6th, 2020",,N,N
2,2020-04-12,The clinical course and its correlated immune status in COVID-19 pneumonia,http://doi.org/10.1016/j.jcv.2020.104361,Journal of Clinical Virology,OR: 2.66,1.04,6.76,0.04,Significant,Not Adjusted,Calculated,,,,,,,,,Retrospective observational study,204,"Renmin Hospital of Wuhan University between January 10.2020 and February 13,2020",,N,N
3,2020-02-12,Caution on Kidney Dysfunctions of COVID-19 Patients,http://doi.org/10.1101/2020.02.08.20021212,,OR 1.19,0.57,2.49,0.65,Not Significant,Not Adjusted,Calculated,,,,,,,,,Retrospective observational study,193,"Wuhan Tongji hospital, Wuhan Pulmonary Hospital, Huangshi Central Hospital and Chongqing Southwest Hospital from January 6 to February 21, 2024",5/6/2020,N,N
