,Date,Study,Study Link,Journal,Severe,Severe lower bound,Severe upper bound,Severe p-value,Severe Significant,Severe Adjusted,Severe Calculated,Fatality,Fatality lower bound,Fatality upper bound,Fatality p-value,Fatality Significant,Fatality Adjusted,Fatality Calculated,Multivariate adjustment,Study Type,Sample Size,Study Population,Added on,Critical only,Discharged vs. death?
0,2020-06-30,"Clinical features and short-term outcomes of 221 patients with COVID-19 in Wuhan, China",https://doi.org/10.1016/j.jcv.2020.104364,Journal of Clinical Virology,OR 5.40,2.16,13.49,<0.01,Significant,Not Adjusted,Calculated,,,,,,,,,Retrospective observational study,221,"Zhongnan Hospital of Wuhan University, Wuhan, China from January 2, 2020 to February 10, 2020",,N,N
1,2020-06-03,Plasma albumin levels predict risk for nonsurvivors in critically ill patients with COVID-19,https://doi.org/10.2217/bmm-2020-0254,Biomarkers in medicine,OR 2.39,1.19,4.82,<0.05,Significant,Not Adjusted,Calculated,,,,,,,,,Retrospective observational study,134,Central Hospital of Wuhan from 1 January to 20 February 2020,,Y,N
2,2020-06-01,COVID-19 with Different Severities: A Multicenter Study of Clinical Features,https://www.ncbi.nlm.nih.gov/pubmed/32275452/,Am J Respir Crit Care Med,OR 3.02,1.45,6.32,0,Significant,Not Adjusted,Calculated,,,,,,,,,Retrospective observational study,476,"Jinyintan Hospital in Wuhan, Shanghai Public Health Clinical Center in Shanghai, and Tongling People’s Hospital in Anhui Province, China from January 1, 2020, to February 15, 2020.",,Y,N
3,2020-06-01,Characteristics and Outcomes of COVID-19 Patients in New York City's Public Hospital System,http://medrxiv.org/cgi/content/short/2020.05.29.20086645v1?rss=1,MedRxiv,,,,,,,,OR 1.31,1.16,1.49,0,Significant,Not Adjusted,Calculated,,Retrospective observational study,13442,"New York City Health and Hospital between March 5 and April 9, 2020",,N,N
4,2020-05-31,Clinical Features and Short-term Outcomes of Elderly Patients With COVID-19,https://www.sciencedirect.com/science/article/pii/S120197122030415X?v=s5,Int J Infect Dis,,,,,,,,HR=1.8,1.1,2.9,<0.05,Significant,Not Adjusted,Extracted,,Retrospective observational study,204,"Renmin  Hospital  of  Wuhan University  from  January 31 to February  20, 2020",,N,N
5,2020-05-29,The Association Between Biomarkers and Clinical Outcomes in Novel Coronavirus (COVID-19) Pneumonia in a U.S. Cohort,http://medrxiv.org/cgi/content/short/2020.05.27.20115105v1?rss=1,MedRxiv,OR: 1.9,1.8,3.3,,Significant,Not Adjusted,Extracted,OR: 3.6,2.0,6.3,,Significant,Not Adjusted,Extracted,,Retrospective observational study,299,"299 patients with confirmed COVID-19 positive results were admitted to the hospitalist service at GWUH between March 12th and May 9th, 2020",,Y,N
6,2020-05-29,The Association Between Biomarkers and Clinical Outcomes in Novel Coronavirus (COVID-19) Pneumonia in a U.S. Cohort,http://medrxiv.org/cgi/content/short/2020.05.27.20115105v1?rss=1,MedRxiv,OR: 1.9,1.3,3.0,,Significant,Not Adjusted,Extracted,OR: 4.5,2.5,8.0,,Significant,Not Adjusted,Extracted,,Retrospective observational study,299,"299 patients with confirmed COVID-19 positive results were admitted to the hospitalist service at GWUH between March 12th and May 9th, 2020",,Y,N
7,2020-05-29,"Clinical characteristics, outcomes, and risk factors for mortality in patients with cancer and COVID-19 in Hubei, China: a multicentre, retrospective, cohort study",https://www.sciencedirect.com/science/article/pii/S1470204520303107,Lancet Oncol,,,,,,,,OR 2.00,0.65,6.12,0.22,Not Significant,Not Adjusted,Calculated,,Retrospective observational study,205,"Cancer  Center  of  Wuhan  Union  Hospital,  West  Branch  of  Wuhan  Union  Hospital,   Jin   Yin-tan   Hospital,   Wuhan   Red   Cross   Hospital,  the  Central  Hospital  of  Wuhan,  Huanggang  Central Hospital, the First People’s Hospital Affiliated to Yangtze   University,   Xianning   Central   Hospital,   and   Suizhou  Central  Hospital from Jan 13, 2020 to Marcg 18, 2020",,N,N
8,2020-05-27,Impact of cardiovascular disease and cardiac injury on in-hospital mortality in patients with COVID-19: a systematic review and meta-analysis.,https://doi.org/10.1136/heartjnl-2020-317062,Heart,,,,,,,,OR: 4.85,3.07,7.7,,Significant,Not Adjusted,Extracted,,Systematic review and meta-analysis,3118 patients in 10 studies,"PubMed, Embase and Web of Science databases from 1 January 2020 to 14 April 2020",,N,N
9,2020-05-26,"Characteristics and predictors of hospitalization and death in the first 9,519 cases with a positive RT-PCR test for SARS-CoV-2 in Denmark: A nationwide cohort",http://medrxiv.org/cgi/content/short/2020.05.24.20111823v1?rss=1,MedRxiv,,,,,,,,AOR=1.2,0.9,1.5,,Not Significant,Adjusted,Extracted,Age; Sex,Retrospective observational study,9519,"Danish SARS-CoV-2 cohort from February 27th, 2020 to April 30th, 2020",,Y,N
10,2020-05-26,"Characteristics and predictors of hospitalization and death in the first 9,519 cases with a positive RT-PCR test for SARS-CoV-2 in Denmark: A nationwide cohort",http://medrxiv.org/cgi/content/short/2020.05.24.20111823v1?rss=1,MedRxiv,OR 0.96,0.71,1.29,0.78,Not Significant,Not Adjusted,Calculated,OR=5.0,4.1,6.1,,Significant,Not Adjusted,Extracted,,Retrospective observational study,9519,"Danish SARS-CoV-2 cohort from February 27th, 2020 to April 30th, 2020",,Y,N
11,2020-05-26,Psychiatric Predictors of COVID-19 Outcomes in a Skilled Nursing Facility Cohort,http://medrxiv.org/cgi/content/short/2020.05.23.20099671v1?rss=1,MedRxiv,OR 11.58,1.4,95.98,0.02,Significant,Not Adjusted,Extracted,OR 0.72,0.15,3.45,0.68,Not Significant,Not Adjusted,Extracted,,Retrospective observational study,81,Veteran's Administration skilled nursing facility,,Y,N
12,2020-05-26,Association between Cardiovascular Burden and Requirement of Intensive Care among Patients with Mild COVID-19,http://medrxiv.org/cgi/content/short/2020.05.25.20111757v1?rss=1,MedRxiv,AOR=2.65,1.02,6.98,<0.05,Significant,Adjusted,Extracted,,,,,,,,Age; Sex; Chest tightness; Diabetes; Lung diseases; Platelet; Radiologic abnormality; Positice SARS-CoV-2 by RT-PCR,Retrospective observational study,332,"February 5, 2020, to March 10, 2020 (followed up through March 25, 2020)",,Y,N
13,2020-05-26,Association between Cardiovascular Burden and Requirement of Intensive Care among Patients with Mild COVID-19,http://medrxiv.org/cgi/content/short/2020.05.25.20111757v1?rss=1,MedRxiv,AOR=3.94,1.8,8.64,<0.05,Significant,Adjusted,Extracted,,,,,,,,Age; Sex; Chest tightness; Diabetes; Lung diseases,Retrospective observational study,332,"February 5, 2020, to March 10, 2020 (followed up through March 25, 2020)",,Y,N
14,2020-05-26,Association between Cardiovascular Burden and Requirement of Intensive Care among Patients with Mild COVID-19,http://medrxiv.org/cgi/content/short/2020.05.25.20111757v1?rss=1,MedRxiv,AOR=6.43,3.21,12.88,<0.05,Significant,Adjusted,Extracted,,,,,,,,Age; Sex,Retrospective observational study,332,"February 5, 2020, to March 10, 2020 (followed up through March 25, 2020)",,Y,N
15,2020-05-26,Association between Cardiovascular Burden and Requirement of Intensive Care among Patients with Mild COVID-19,http://medrxiv.org/cgi/content/short/2020.05.25.20111757v1?rss=1,MedRxiv,OR=6.55,3.36,12.76,<0.05,Significant,Not Adjusted,Extracted,,,,,,,,,Retrospective observational study,332,"February 5, 2020, to March 10, 2020 (followed up through March 25, 2020)",,Y,N
16,2020-05-26,Use of High Flow Nasal Therapy to Treat Moderate to Severe Hypoxemic Respiratory Failure in COVID-20,http://medrxiv.org/cgi/content/short/2020.05.22.20109355v1?rss=1,MedRxiv,OR 1.54,0.6,3.96,0.37,Not Significant,Not Adjusted,Calculated,,,,,,,,,Retrospective observational study,104,"consecutive patients admitted to Temple University Hospital in Philadelphia, Pennsylvania, from March 10, 2020, to April 24, 2020, for moderate to severe hypoxemia due to highly suspected or proven COVID-19 infection",,Y,N
17,2020-05-26,ICU and Ventilator Mortality Among Critically Ill Adults With Coronavirus Disease 2019,https://doi.org/10.1097/ccm.0000000000004457,Crit Care Med,,,,,,Cardiovascular disease,,OR 2.03,0.92,4.49,0.08,Not Significant,Not Adjusted,Calculated,,Retrospective observational study,217,"ICU of Emory Healthcare acute-care hospitals in Atlanta, Georgia from March 6, 2020, to April 17, 2024",,N,N
18,2020-05-26,"Association of age, sex, comorbidities, and clinical symptoms with the severity and mortality of COVID-19 cases: a meta-analysis with 85 studies and 67299 cases",http://medrxiv.org/cgi/content/short/2020.05.23.20110965v1?rss=1,MedRxiv,,,,,,,,OR=4.67,3.22,6.77,<0.05,Significant,Not Adjusted,Extracted,,Systematic review and meta-analysis,"85 articles, 67299 cases","PubMed, ScienceDirect, and SAGE database from January 1, 2020, to May 17, 2020",,N,N
19,2020-05-25,Predictive symptoms and comorbidities for severe COVID-19 and intensive care unit admission: a systematic review and meta-analysis,https://www.ncbi.nlm.nih.gov/pmc/articles/PMC7246302/,Int J Public Health,OR 4.44,2.64,7.47,,Significant,Not Adjusted,Extracted,,,,,,,,,Systematic review and meta-analysis,Not reported out of 7 studies enrolling 2912 patients,"MEDLINE, EMBASE and Global Health",,Y,N
20,2020-05-25,Predictive symptoms and comorbidities for severe COVID-19 and intensive care unit admission: a systematic review and meta-analysis,https://www.ncbi.nlm.nih.gov/pmc/articles/PMC7246302/,Int J Public Health,OR 2.7,1.52,4.8,,Significant,Not Adjusted,Extracted,,,,,,,,,Systematic review and meta-analysis,Not reported out of 7 studies enrolling 2912 patients,"MEDLINE, EMBASE and Global Health",,N,N
21,2020-05-23,Morbid Obesity as an Independent Risk Factor for COVID-19 Mortality in Hospitalized Patients Younger than 50.,https://doi.org/10.1002/oby.22913,Obesity,,,,,,,,AOR 0.6,0.2,2.1,0.42,Not Significant,Adjusted,Extracted,"age decile, male sex, CAD, CHF, HTN, DM, hyperlipidemia, CKD, history of cancer, smoking (past or present), BMI 30 - 40 kg/m2, BMI  40 kg/m2 and race",Retrospective observational study,572,"Age < 50, New York City between March 1st and May 17th, 2020",,N,Y
22,2020-05-23,Morbid Obesity as an Independent Risk Factor for COVID-19 Mortality in Hospitalized Patients Younger than 50.,https://doi.org/10.1002/oby.22913,Obesity,,,,,,,,AOR 1.3,1.1,1.6,<0.01,Significant,Adjusted,Extracted,"age decile, male sex, CAD, CHF, HTN, DM, hyperlipidemia, CKD, history of cancer, smoking (past or present), BMI 30 - 40 kg/m2, BMI  40 kg/m2 and race",Retrospective observational study,2834,"Age > 50, New York City between March 1st and May 17th, 2020",,N,Y
23,2020-05-22,Factors associated with hospital admission and critical illness among 5279 people with coronavirus disease 2019 in New York City: prospective cohort study,https://doi.org/10.1136/bmj.m1966,BMJ,AOR=0.92,0.71,1.2,0.56,Not Significant,Adjusted,Extracted,AHR=1.10,0.9,1.35,0.36,Not Significant,Adjusted,Extracted,Vital signs; Laboratory results,Retrospective observational study,990,"NYU Langone Health between March 1, 2020 to April 8, 2020",,Y,N
24,2020-05-22,Interim Analysis of Risk Factors for Severe Outcomes among a Cohort of Hospitalized Adults Identified through the U.S. Coronavirus Disease 2019 (COVID-19)-Associated Hospitalization Surveillance Network (COVID-NET),http://medrxiv.org/cgi/content/short/2020.05.18.20103390v1?rss=1,MedRxiv,RR 0.98,0.88,1.09,,Not Significant,Adjusted,Extracted,RR 1.28,1.03,1.58,,Significant,Adjusted,Extracted,"age, sex, race/ethnicity, smoker, hypertension, obesity, diabetes, chronic lung disease, cardiovascular disease, neurologic disease, renal disease, immunosuppression, hematologic disorders, and rheumatologic or autoimmune disease",Retrospective observational study,2490,"118 counties located in 14 states 113 (California, Colorado, Connecticut, Georgia, Iowa, Maryland, Michigan, Minnesota, New Mexico, New 114 York, Ohio, Oregon, Tennessee, and Utah)",,Y,N
25,2020-05-22,Interim Analysis of Risk Factors for Severe Outcomes among a Cohort of Hospitalized Adults Identified through the U.S. Coronavirus Disease 2019 (COVID-19)-Associated Hospitalization Surveillance Network (COVID-NET),http://medrxiv.org/cgi/content/short/2020.05.18.20103390v1?rss=1,MedRxiv,RR 1.17,1.09,1.26,,Significant,Not Adjusted,Extracted,RR 2.85,2.42,3.36,,Significant,Not Adjusted,Extracted,,Retrospective observational study,2490,"117 counties located in 14 states 113 (California, Colorado, Connecticut, Georgia, Iowa, Maryland, Michigan, Minnesota, New Mexico, New 114 York, Ohio, Oregon, Tennessee, and Utah)",,Y,N
26,2020-05-22,Features of 20 133 UK patients in hospital with covid-19 using the ISARIC WHO Clinical Characterisation Protocol: prospective observational cohort study.,https://doi.org/10.1136/bmj.m1985,BMJ,,,,,,,,HR=1.16,1.08,1.24,<0.05,Significant,Adjusted,Extracted,Age; Sex: Major Comorbidity,Prospective observational study,20133,"208 acute care hospitals in England, Wales, and Scotland between 6 February and 19 April 2020",,N,N
27,2020-05-22,Predictors of mortality in hospitalized COVID-19 patients: A systematic review and meta-analysis.,https://doi.org/10.1002/jmv.26050,Journal of medical virology,,,,,,,,OR=3.81,2.11,6.85,<0.05,Significant,Not Adjusted,Extracted,,Systematic review and meta-analysis,12 studies enrolling 1842 patients,"PubMed, Google scholar, Web of Science, and China National Knowledge Infrastructure (CNKI) between January 1, 2020 and April 24, 2020 without language restriction",,N,N
28,2020-05-20,COVID-19 in Liver Transplant Recipients: An Initial Experience from the U.S. Epicenter,https://www.sciencedirect.com/science/article/pii/S001650852034703X?v=s5,Gastroenterology,OR 1.33,0.26,6.81,0.73,Not Significant,Not Adjusted,Calculated,,,,,,,,,Retrospective observational study,38,"Liver transplant patients at Mount Sinai Hospital from March 18, 2020 to April 13, 2020",,N,N
29,2020-05-20,Type 1 and Type 2 diabetes and COVID-19 related mortality in England: a whole population study,https://www.england.nhs.uk/wp-content/uploads/2020/05/valabhji-COVID-19-and-Diabetes-Paper-1.pdf,NHS England,,,,,,,,AOR 1.32,1.28,1.36,,Significant,Adjusted,Extracted,"age, sex, deprivation, ethnicity, region, heart disease, cerebrovascular disease, heart failure, diabetes",Retrospective observational study,"61,414,470","All individuals registered with a GP practice in England and alive on the 19th February; data extracted on May 11, 2020.",,N,N
30,2020-05-19,Risk factors for adverse clinical outcomes in patients with COVID-19: A systematic review and meta-analysis,http://medrxiv.org/cgi/content/short/2020.05.13.20100495v1?rss=1,MedRxiv,OR=3.44,1.62,7.32,<0.05,Significant,Not Adjusted,Extracted,OR=3.36,1.39,8.1,<0.05,Significant,Not Adjusted,Extracted,,Systematic review and meta-analysis,3 studies enrolling 298 patients,"PubMed from January 1 until April 19, 2020",,Y,N
31,2020-05-19,Factors Associated With Intubation and Prolonged Intubation in Hospitalized Patients With COVID-19,https://www.ncbi.nlm.nih.gov/pubmed/32423368/,Otolaryngol Head Neck Surg,OR 1.59,1.01,2.5,<0.05,Significant,Not Adjusted,Calculated,,,,,,,,,Retrospective observational study,486,"Ten hospitals in the Chicago metropolitan area from March 1, 2020 to April 8, 2020",,Y,N
32,2020-05-19,"Epidemiology, clinical course, and outcomes of critically ill adults with COVID-19 in New York City: a prospective cohort study",https://www.sciencedirect.com/science/article/pii/S0140673620311892,Lancet,,,,,,,,AHR=1.76,1.08,2.86,,Significant,Adjusted,Extracted,Age; Male sex; Symptom duration before hospital presentation; Hypertension; Chronic cardiac disease; COPD or interstitial lung disease; Diabetes; IL-6; D-dimer,Prospective observational study,257,"NewYork-Presbyterian hospitals Milstein Hospital and Allen Hospital from March 2, 2020 to April 1, 2020",,N,N
33,2020-05-19,"Epidemiology, clinical course, and outcomes of critically ill adults with COVID-19 in New York City: a prospective cohort study",https://www.sciencedirect.com/science/article/pii/S0140673620311892,Lancet,,,,,,,,HR=2.21,1.44,3.39,,Significant,Not Adjusted,Extracted,,Prospective observational study,257,"NewYork-Presbyterian hospitals Milstein Hospital and Allen Hospital from March 2, 2020 to April 1, 2020",,N,N
34,2020-05-16,"Severe obesity is associated with higher in-hospital mortality in a cohort of patients with COVID-19 in the Bronx, New York",https://www.ncbi.nlm.nih.gov/pubmed/32422233/,Metabolism,,,,,,,,AOR=1.53,0.54,4.34,0.43,Not Significant,Adjusted,Extracted,Sex; Age (quartiles); BMI<25; BMI>35; Heart failure; CAD; CKD or ESRD; COPD; Diabetes; Current/former smoker,Retrospective observational study,200,"Montefiore Medical Center in the Bronx, New York admission from March 9, 2020 to March 22, 2020 (followed up through April 12, 2020)",,Y,N
35,2020-05-16,"Severe obesity is associated with higher in-hospital mortality in a cohort of patients with COVID-19 in the Bronx, New York",https://www.ncbi.nlm.nih.gov/pubmed/32422233/,Metabolism,,,,,,,,AOR=1.56,0.57,4.3,0.39,Not Significant,Adjusted,Extracted,Sex; Age (quartiles); BMI<25; BMI>35; Heart failure; CAD; CKD or ESRD; COPD,Retrospective observational study,200,"Montefiore Medical Center in the Bronx, New York admission from March 9, 2020 to March 22, 2020 (followed up through April 12, 2020)",,Y,N
36,2020-05-16,"Severe obesity is associated with higher in-hospital mortality in a cohort of patients with COVID-19 in the Bronx, New York",https://www.ncbi.nlm.nih.gov/pubmed/32422233/,Metabolism,OR=1.25,0.52,3.03,0.62,Not Significant,Not Adjusted,Extracted,OR=2.88,1.31,6.34,<0.05,Significant,Not Adjusted,Extracted,,Retrospective observational study,200,"Montefiore Medical Center in the Bronx, New York admission from March 9, 2020 to March 22, 2020 (followed up through April 12, 2020)",,Y,N
37,2020-05-15,Low dose of hydroxychloroquine reduces fatality of critically ill patients with COVID-19,https://doi.org/10.1007/s11427-020-1732-2,Sci China Life Sci,,,,,,,,AHR=1.11,0.71,1.71,0.66,Not Significant,Adjusted,Extracted,Hydroxychloroquine treated; Age; Gender; Hypertension; CHD; COPD; Diabetes; Body temperature; SpO2; Oxygen Therapy; Mechanical ventilation,Retrospective observational study,550,"Tongji Hospital from Feb 1, 2020 to Apr 4, 2020",,N,N
38,2020-05-15,Low dose of hydroxychloroquine reduces fatality of critically ill patients with COVID-19,https://doi.org/10.1007/s11427-020-1732-2,Sci China Life Sci,,,,,,,,HR=1.21,0.84,1.76,0.31,Not Significant,Not Adjusted,Extracted,,Retrospective observational study,550,"Tongji Hospital from Feb 1, 2020 to Apr 4, 2020",,N,N
39,2020-05-15,Pharmacological characteristics of patients infected with SARS-Cov-2 admitted to Intensive Care Unit in South of France,https://www.sciencedirect.com/science/article/pii/S0040595720300949?v=s5,Therapies,OR 0.45,0.14,1.53,0.2,Not Significant,Not Adjusted,Calculated,,,,,,,,,Case series,96,"Toulouse University Hospital in France between March 10, 2020 and April 21, 2020",,Y,N
40,2020-05-14,"Obesity and COVID-19 Severity in a Designated Hospital in Shenzhen, China",https://doi.org/10.2337/dc20-0576,Diabetes care,OR 3.50,1.72,7.12,0,,,,,,,,,,,,Retrospective observational study,383,"Third People’s Hospital of Shenzhen, from 11 January 2020 to 16 February 2020 (followed until 26 March 2020)",,N,N
41,2020-05-14,"Clinical Characteristics and Risk Factors for Mortality of COVID-19 Patients With Diabetes in Wuhan, China: A Two-Center, Retrospective Study.",https://doi.org/10.2337/dc20-0598,Diabetes care,,,,,,,,OR 1.99,8.1,0.0,,Significant,Not Adjusted,Calculated,,Retrospective observational study,153,Renmin Hospital of Wuhan University and Zhongnan Hospital of Wuhan University from 1 January 2020 to 8 March 2023,,N,Y
42,2020-05-14,Clinical Characteristics and Outcomes of Patients With Diabetes and COVID-19 in Association With Glucose-Lowering Medication.,https://doi.org/10.2337/dc20-0660,Diabetes care,OR=3.63,2.17,6.07,,Significant,Not Adjusted,Extracted,OR=8.29,5.02,13.68,,Significant,Not Adjusted,Extracted,,Retrospective observational study,904,Central Hospital of Wuhan from 1 January 2020 to 17 March 2020,,N,Y
43,2020-05-14,"Impact of Cerebrovascular and Cardiovascular Diseases on Mortality and Severity of COVID-19 â€“ Systematic Review, Meta-analysis, and Meta-regression",https://www.ncbi.nlm.nih.gov/pubmed/32410807/,J Stroke Cerebrovasc Dis,RR 2.25,1.51,3.36,<0.01,Significant,Not Adjusted,Extracted,RR 2.25,1.53,3.29,<0.01,Significant,Not Adjusted,Extracted,,Systematic review and meta-analysis,12 studies enrolling 2357 patients,"PubMed, SCOPUS, EuropePMC, and Cochrane Central Database",,N,N
44,2020-05-14,Early estimation of the risk factors for hospitalisation and mortality by COVID-19 in Mexico,http://medrxiv.org/cgi/content/short/2020.05.11.20098145v1?rss=1,MedRxiv,,,,,,,,OR 1.90,3.36,0.0,,Significant,Not Adjusted,Calculated,,Retrospective observational study,9946,"Epidemiological Surveillance System for Viral Respiratory Diseases of the Mexican Ministry of Health (Secretaría de Salud, SS) on April 23rd, 2020",,N,N
45,2020-05-14,The association of cardiovascular disease and other pre-existing comorbidities with COVID-19 mortality: A systematic review and meta-analysis,http://medrxiv.org/cgi/content/short/2020.05.10.20097253v1?rss=1,MedRxiv,,,,,,,,RR 2.35,1.44,3.84,,Significant,Not Adjusted,Extracted,,Systematic review and meta-analysis,9 studies,"PubMed (MEDLINE), OVID (MEDLINE, HEALTHSTAR), SCOPUS, and medrxiv.org from October 1, 2019 to May 1, 2020",,N,N
46,2020-05-14,Characteristics and outcomes of patients hospitalized for COVID-19 and cardiac disease in Northern Italy,https://www.ncbi.nlm.nih.gov/pubmed/32383763/,Eur Heart J,,,,,,,Cardiovascular disease,OR 3.47,1.02,11.82,0.05,Significant,Not Adjusted,Calculated,,Retrospective observational study,99,"Civil Hospitals of Brescia, Lombardy, Italy, between 4 March and 25 March 2020",,N,N
47,2020-05-13,"Epidemiological and clinical characteristics of 333 confirmed cases with coronavirus disease 2019 in Shanghai, China",https://www.ncbi.nlm.nih.gov/pubmed/32351037/,Transbound Emerg Dis,OR=4.2,1.2,14.2,<0.05,Significant,Not Adjusted,Extracted,,,,,,,,,Retrospective observational study,333,"Center for Disease Control and Prevention in Shanghai as of February 19, 2020",,N,N
48,2020-05-13,Effects of pre-existing morbidities on occurrence of death among COVID-19 disease patients: A systematic review and meta-analysis,http://medrxiv.org/cgi/content/short/2020.05.08.20095968v1?rss=1,MedRxiv,,,,,,,,OR=3.32,2.79,3.95,,Significant,Not Adjusted,Extracted,,Systematic review and meta-analysis,36398,"Medline, Web of Science, Scopus, and CINAHL were searched, concluded on May 01, 2020",,N,N
49,2020-05-12,Development and Validation of a Clinical Risk Score to Predict the Occurrence of Critical Illness in Hospitalized Patients With COVID-19.,https://doi.org/10.1001/jamainternmed.2020.2033,JAMA internal medicine,OR 3.38,1.78,6.44,0,Significant,Not Adjusted,Calculated,,,,,,,,,Retrospective observational study,1590,"China National Health Commission between November 21, 2019 and January 31, 2020",,Y,N
50,2020-05-12,"Risk Factors for Mortality in 244 Older Adults With COVID‐19 in Wuhan, China: A Retrospective Study",https://www.ncbi.nlm.nih.gov/pubmed/32383809/,J Am Geriatr Soc,,,,,,,,OR 1.43,0.69,2.94,0.34,Not Significant,Not Adjusted,Calculated,,Retrospective observational study,244,"Sino-French New City Branch of Tongji Hospital from Jan 29, 2020 to Mar 5, 2020",,N,Y
51,2020-05-12,"The characteristics and death risk factors of 132 COVID-19 pneumonia patients with comorbidities: a retrospective single center analysis in Wuhan, China",http://medrxiv.org/cgi/content/short/2020.05.07.20092882v1?rss=1,MedRxiv,,,,,,,,OR 1.42,15.01,0.01,,Significant,Not Adjusted,Calculated,,Retrospective observational study,132,"Hubei Third People's Hospital from January 19, 2020 to March 7, 2021",,N,N
52,2020-05-11,Association of the insulin resistance marker TyG index with the severity and mortality of COVID-19,https://doi.org/10.1186/s12933-020-01035-2,Cardiovasc Diabetol,OR 1.99,0.7,5.66,0.2,Not Significant,Not Adjusted,Calculated,,,,,,,,,Retrospective observational study,151,"Tongji Hospital of Huazhong University of Science and Technology in Wuhan, China from Jan 12 2020, to Feb 13 2020",,N,N
53,2020-05-11,Characteristics and clinical significance of myocardial injury in patients with severe coronavirus disease 2019,https://www.ncbi.nlm.nih.gov/pubmed/32391877/,Eur Heart J,,,,,,,,AHR=1.56,0.72,3.41,0.26,Not Significant,Adjusted,Extracted,Lab values,Retrospective observational study,671,"Renmin Hospital of Wuhan University, located in Wuhan, Hubei Province, from February 18, 2020 through February 23, 2020",,N,N
54,2020-05-11,Characteristics and clinical significance of myocardial injury in patients with severe coronavirus disease 2019,https://www.ncbi.nlm.nih.gov/pubmed/32391877/,Eur Heart J,,,,,,,,AHR=1.63,0.61,4.4,0.33,Not Significant,Adjusted,Extracted,Senior age; Lab values,Retrospective observational study,671,"Renmin Hospital of Wuhan University, located in Wuhan, Hubei Province, from February 18, 2020 through February 23, 2020",,N,N
55,2020-05-10,Age-adjusted associations between comorbidity and outcomes of COVID-19: a review of the evidence,http://medrxiv.org/cgi/content/short/2020.05.06.20093351v1?rss=1,MedRxiv,,,,,,,,AHR=1.40,0.65,3.03,,Not Significant,Adjusted,Extracted,Age; Other comorbidities; Clinical biomarkers,Expert review,416,"Pennington et al., Web of Science, Google Scholar, WHO, MEDLINE, CDC of the USA, Europe, and China",,Y,N
56,2020-05-10,Smoking Prevalence is Low in Symptomatic Patients Admitted for COVID-19.,http://medrxiv.org/cgi/content/short/2020.05.05.20092015v1?rss=1,MedRxiv,,,,,,,,OR 1.33,3.91,0.0,,Significant,Not Adjusted,Calculated,,Retrospective observational study,441,"Parma, Northern Italy, from March 5 to March 31, 2022",,N,N
57,2020-05-07,Coronavirus disease 2019 (COVID-19) and cardiovascular risk: A meta-analysis,https://doi.org/10.1016/j.pcad.2020.05.001,Progress in Cardiovascular Disease,OR 8.89,4.04,19.54,,Significant,Not Adjusted,Extracted,,,,,,,,,Systematic review and meta-analysis,10 studies,"MEDLINE, Embase, Cochrane Database of Systematic Reviews, Scopus, and Web of Science as well as preprint servers from December 2019 through April 10, 2020",,Y,N
58,2020-05-07,OpenSAFELY: factors associated with COVID-19-related hospital death in the linked electronic health records of 17 million adult NHS patients.,http://medrxiv.org/cgi/content/short/2020.05.06.20092999v1?rss=1,MedRxiv,,,,,,,,AHR 1.27,1.2,1.35,,Significant,Adjusted,Extracted,"age, gender, obesity, smoking status, diabetes, cancer, hematological malignancy, asthma, chronic respiratory disease, heart disease, hypertension, chronic liver disease, stroke or dementia, other neurological disease, reduced kidney function, organ transplant, spleen disease, rheumatoid arthritis/lupus/psoriasis, immunosuppression",Retrospective observational study,"17,425,445","TPP general practice in England from February 1 to April 25, 2020.",,N,N
59,2020-05-05,Clinical characteristics of 106 patients with neurological diseases and co-morbid coronavirus disease 2019: a retrospective study,http://medrxiv.org/cgi/content/short/2020.04.29.20085415v1?rss=1,MedRxiv,OR 0.73,0.31,1.74,0.48,Not Significant,Not Adjusted,Calculated,,,,,,,,,Retrospective observational study,106,"Huoshenshan Hospital from Feb 4, 2020 to Apr 14, 2020",,N,N
60,2020-05-03,Systematic investigations of COVID-19 in 283 cancer patients,http://medrxiv.org/cgi/content/short/2020.04.28.20083246v1?rss=1,MedRxiv,OR=2.84,1.33,6.07,<0.05,Significant,Not Adjusted,Extracted,,,,,,,,,Retrospective observational study,283,"Data of consecutive cancer patients admitted to 33 designated hospitals for COVID-19 in Hubei province, China from December 17, 2019 to March 18, 2020",,Y,N
61,2020-05-03,COVID-19 Infections and Outcomes in a Live Registry of Heart Failure Patients Across an Integrated Health Care System Short COVID-19 Infection in Heart Failure Corresponding Author,doi.org/10.1101/2020.04.27.20082016,medrxiv,,,,,,,,OR 2.39,1.14,5.05,0.02,Significant,Not Adjusted,Calculated,,Retrospective observational study,206,"Yale Heart Failure Registry (NCT04237701) on April 16th, 2020",,N,N
62,2020-05-01,"Lung disease severity, Coronary Artery Calcium, Coronary inflammation and Mortality in Coronavirus Disease 2019",http://doi.org/10.1101/2020.05.01.20087115,medrxiv,,,,,,,,OR 3.27,1.63,6.45,<0.01,Significant,Not Adjusted,Extracted,,Retrospective observational study,279,"Parma 12 University Hospital, Parma, Italy from Mar 05, 2020 to Mar 15, 2020",,N,Y
63,2020-05-01,Obesity as a risk factor for poor outcome in COVID-19-induced lung injury: the potential role of undiagnosed obstructive sleep apnoea,https://www.sciencedirect.com/science/article/pii/S0007091220303019,British Journal of Anaesthesia,OR 0.70,0.34,1.44,0.34,Not significant,Not Adjusted,Calculated,,,,,,,,,Retrospective observational study,124,New York City,,Y,N
64,2020-05-01,"Cardiovascular Disease, Drug Therapy, and Mortality in Covid-19",https://www.ncbi.nlm.nih.gov/pubmed/32356626/,N Engl J Med,,,,,,,,AOR=2.70,2.08,3.51,,Significant,Adjusted,Extracted,Age (>65); female sex; CAD; CHF; Arrhythmia; COPD; Current smoker; ACE inhibitors; ARB; Statin,Retrospective observational study,8910,"169 hospitals located in 11 countries in Asia, Europe, and North America from Dec 20, 2019 to March 15, 2020",,N,N
65,2020-05-01,"Cardiovascular Disease, Drug Therapy, and Mortality in Covid-19",https://www.ncbi.nlm.nih.gov/pubmed/32356626/,N. Engl. j. med,,,,,,,,OR 1.65,2.59,0.0,,Significant,Not Adjusted,Calculated,,Retrospective observational study,8910,"169 hospitals located in 11 countries in Asia, Europe, and North America from Dec 20, 2019 to March 15, 2020",,N,N
66,2020-04-30,"Clinical course and outcome of 107 patients infected with the novel coronavirus, SARS-CoV-2, discharged from two hospitals in Wuhan, China",https://www.ncbi.nlm.nih.gov/pmc/articles/PMC7192564/,Critical Care,,,,,,,,OR 7.97,2.29,27.75,<0.01,Significant,Not Adjusted,Calculated,,Retrospective observational study,107,"Zhongnan Hospital of Wuhan University and Xishui People’s Hospital up to Feb 10, 2020",,N,Y
67,2020-04-30,Association of Obesity with Disease Severity among Patients with COVIDâ€19,https://doi.org/10.1002/oby.22859,Obesity (Silver Spring),AOR=1.52,0.51,4.51,0.45,Not Significant,Adjusted,Extracted,,,,,,,,Age; Race; Gender; BMI; Diabetes; Hypertension; Heart disease; Lung disease,Retrospective observational study,103,"Rhode Island Hospital, The Miriam Hospital, or Newport Hospital, in Rhode Island, USA, between February 17th and April 5th, 2020",,Y,N
68,2020-04-30,Association of Obesity with Disease Severity among Patients with COVIDâ€19,https://doi.org/10.1002/oby.22859,Obesity (Silver Spring),OR=2.04,0.82,5.07,0.13,Not Significant,Not Adjusted,Extracted,,,,,,,,,Retrospective observational study,103,"Rhode Island Hospital, The Miriam Hospital, or Newport Hospital, in Rhode Island, USA, between February 17th and April 5th, 2020",,Y,N
69,2020-04-29,"Clinical Characteristics and Short-Term Outcomes of Severe Patients with COVID-19 in Wuhan, China",doi.org/10.1101/2020.04.24.20078063,medrxiv,HR 1.6,0.64,4.01,0.32,Not Significant,Not Adjusted,Extracted,,,,,,,,,Prospective observational study,114,"Union Hospital from January 23, 2020 to February 22, 2020",,Y,N
70,2020-04-29,"Clinical Characteristics and Short-Term Outcomes of Severe Patients with COVID-19 in Wuhan, China",10.1101/2020.04.24.20078063,medrxiv,AHR 1.06,0.38,2.97,0.91,Not Significant,Adjusted,Extracted,,,,,,,,,Prospective observational study,114,"Union Hospital from January 23, 2020 to February 22, 2020",,Y,N
71,2020-04-28,Association of Cardiovascular Disease with Coronavirus Disease 2019 (COVID-19) Severity: A Meta-Analysis Association of Cardiovascular Disease with Coronavirus Disease 2019 (COVID-19) Severity: A Meta-Analysis,http://doi.org/10.1016/j.cpcardiol.2020.100617,Current Problems in Cardiology,OR 3.14,2.32,4.24,,Significant,Not Adjusted,Extracted,OR 11.08,2.59,47.32,,Significant,Not Adjusted,Extracted,,Systematic review and meta-analysis,18 studies enrolling 4858 patients,"Pubmed, Embase and Cochrane Central Register of Controlled Trials were searched from Nov 1 to April 20, 2020",,N,N
72,2020-04-28,"Clinical determinants for fatality of 44,672 patients with COVID-19",https://www.ncbi.nlm.nih.gov/pmc/articles/PMC7187660/,Critical Care,,,,,,,,OR 5.42,4.33,6.8,<0.01,Significant,Not Adjusted,"Extracted RR, Calculated OR",,Case series,44672,"Chinese center for disease control and prevention (44,672 laboratory confirmed cases updated through February 11, 2020, [2])",,N,N
73,2020-04-27,Estimating Survival of Hospitalized COVID-19 Patients from Admission Information,http://doi.org/10.1101/2020.04.22.20075416,medrxiv,,,,,,,,OR 2.57,2.11,3.14,<0.01,Significant,Not Adjusted,Calculated,,Retrospective observational study,5233,"Northwell Health acute care hospitals on or after March 1, 2020, and were discharged or died before April 12, 2020. Clinical outcomes (i.e., discharges, mortality, and length of stay) were monitored until April 12, 2020, the final date of follow-up",,N,Y
74,2020-04-26,ICU and ventilator mortality among critically ill adults with COVID-19,https://doi.org/10.1101/2020.04.23.20076737,MedRxiv,,,,,,,,OR 2.53,1.11,5.79,0.03,Significant,Not Adjusted,Calculated,,Retrospective observational study,217,"ICU of Emory Healthcare acute-care hospitals in Atlanta, Georgia from March 6, 2020 through April 17, 2028",,N,N
75,2020-04-25,The role of comorbidities and clinical predictors of severe disease in COVID-19: a systematic review and meta-analysis Emails,http://doi.org/10.1101/2020.04.21.20074633,,OR 2.44,1.64,3.63,,Significant,Not Adjusted,Extracted,,,,,,,,,Systematic review and meta-analysis,9 studies,"PubMed, Scopus, EMBASE, Web of Science, and Google Scholar searched through March 12 2023",5/6/2020,Y,N
76,2020-04-25,Association between rRT-PCR test results upon admission and outcome in hospitalized chest CT-Positive COVID-19 patients; a provincial retrospective cohort with active follow-up,doi.org/10.1101/2020.04.21.20074641,medrxiv,,,,,,,,OR 1.57,0.86,2.87,0.19,Not Significant,Adjusted,Extracted,"Age, ICU admission, PCR test results, admission week, number of comorbidities, gender, chronic lung disease, diabetes, chronic kidney disease, immunodeficiency, hypertension",Retrospective observational study,1197,"Qazvin province hospitals Feb 20-March 11, 2020",,N,N
77,2020-04-23,Risk factors of critical & mortal COVID-19 cases: A systematic literature review and meta-analysis,https://doi.org/10.1016/j.jinf.2020.04.021,Journal of Infection,OR: 5.19,3.25,8.29,,Significant,Not Adjusted,Extracted,,,,,,,,,Systematic review and meta-analysis,3029 patients from 13 studies,China,,Y,N
78,2020-04-23,Clinical Characteristics of Hospitalized Covid-19 Patients in New York City,https://doi.org/10.1101/2020.04.19.20062117,medrxiv,,,,,,,,OR 2.98,2.12,4.18,<0.01,Significant,Not Adjusted,Calculated,,Retrospective observational study,1078,"Mount Sinai Hospital located in East Harlem, Manhattan; Mount Sinai Morningside located in Morningside Heights, Manhattan; Mount Sinai West located in Midtown and the West Side, Manhattan; Mount Sinai Brooklyn located in Midwood, Brooklyn; and Mount Sinai Queens located in Astoria, Queens from Feb 25, 2020 to April 2, 2020",,N,Y
79,2020-04-23,Clinical Characteristics of Hospitalized Covid-19 Patients in New York City,http://medrxiv.org/cgi/content/short/2020.04.19.20062117v1?rss=1,MedRxiv,,,,,,,,OR 2.98,2.12,4.18,<0.05,Significant,Not Adjusted,Calculated,,Retrospective observational study,2199,"Mount Sinai Hospital located in East Harlem, Manhattan; Mount Sinai Morningside located in Morningside Heights, Manhattan; Mount Sinai West located in Midtown and the West Side, Manhattan; Mount Sinai Brooklyn located in Midwood, Brooklyn; and Mount Sinai Queens located in Astoria, Queens from Feb 27, 2020 to Apr 2, 2020",,N,Y
80,2020-04-20,"Epidemiology, clinical course, and outcomes of critically ill adults with COVID-19 in New York City: a prospective cohort study",http://doi.org/10.1101/2020.04.15.20067157,,,,,,,,,AHR 0.69,0.34,1.42,,Not Significant,Adjusted,Extracted,"Age, gender, symptom duration prior to presentation, hypertension, cardiovascular disease, COPD and/or interstitial lung disease, chronic kidney disease, diabetes, BMI >= 35, IL-6, D-dimer",Prospective observational study,257,"Columbia University Irving Medical Center (2 affiliated hospitals in Manhattan) from March 2nd to April 1st, 2020.",,N,N
81,2020-04-20,"Epidemiology, clinical course, and outcomes of critically ill adults with COVID-19 in New York City: a prospective cohort study",http://doi.org/10.1101/2020.04.15.20067157,medRxiv,,,,,,,,HR 0.62,0.33,1.17,,Significant,Not Adjusted,Extracted,,Prospective observational study,257,"Columbia University Irving Medical Center (2 affiliated hospitals in Manhattan) from March 2nd to April 1st, 2020.",,N,N
82,2020-04-19,Comorbid Chronic Diseases and Acute Organ Injuries Are Strongly Correlated with Disease Severity and Mortality among COVID-19 Patients: A Systemic Review and Meta-Analysis,https://www.ncbi.nlm.nih.gov/pmc/articles/PMC7187729/,Research,OR 3.84,2.9,5.07,,Significant,Not Adjusted,Extracted,,,,,,,,,Systematic review and meta-analysis,"23 studies, 5097 patients","PubMed, Embase, Web of Science, medRxiv, and bioRxiv databases for articles published through April 6, 2020",,Y,N
83,2020-04-17,Well-aerated Lung on Admitting Chest CT to Predict Adverse Outcome in COVID-19 Pneumonia.,https://doi.org/10.1148/radiol.2020201433,Radiology,OR 3.8,2.2,6.7,<0.01,,,,,,,,,,,,Retrospective observational study,236,"Italy, Emergency department admissions with CT results",,Y,N
84,2020-04-17,Well-aerated Lung on Admitting Chest CT to Predict Adverse Outcome in COVID-19 Pneumonia.,https://doi.org/10.1148/radiol.2020201433,Radiology,AOR 3.7,1.9,7.3,<0.01,,,,,,,,,,,"Age, cardiovascular disease, PLT, LDH, CRP",Retrospective observational study,236,"Italy, Emergency department admissions with CT results",,Y,N
85,2020-04-17,Clinical Characteristics of Covid-19 in New York City,doi.org/10.1056/nejmc2010419,New England Journal of Medicine,OR 1.92,1.07,3.44,0.03,Significant,Not Adjusted,Calculated,,,,,,,,,Retrospective observational study,393,"2 hospitals in Manhattan from March 3 - March 27, 2020",,Y,N
86,2020-04-17,Association between ABO blood groups and clinical outcome of coronavirus disease 2019: Evidence from two cohorts,http://doi.org/10.1101/2020.04.15.20063107,medRxiv,OR 1.96,0.73,5.21,0.18,Not Significant,Not Adjusted,Calculated,OR 1.15,0.41,3.23,0.79,Not Significant,Not Adjusted,Calculated,"age, sex, and medical history",Retrospective observational study,234,"Patients with mild symptoms from Xi’an, Beijing, and Wuhan and patients who are critically ill from Xi'an and Wuhan (from a total of 5 hospitals), enrolled from February 5 to March 20, 2024",,Y,N
87,2020-04-17,Risk factors for severe COVID-19: evidence from 167 hospitalized patients in Anhui,http://doi.org/10.1016/j.jinf.2020.04.010,Journal of Infection,OR 2.15,0.8,5.76,0.13,,,,,,,,,,,,Observational study,167,"Anhui, China",,N,N
88,2020-04-16,Characteristics and outcomes of a cohort of SARS-CoV-2 patients in the Province of Reggio,https://doi.org/10.1101/2020.04.13.20063545,medRxiv,HR 1.3,1.0,1.7,,Not Significant,Not Adjusted,Extracted,HR 1.7,1.2,2.5,,Significant,Not Adjusted,Extracted,,Retrospective observational study,2653,"All symptomatic patients who tested positive in Reggio from February 27 to April 2, 2020.",,N,N
89,2020-04-16,Cardiovascular Diseases and COVID-19 Mortality and Intensive Care Unit Admission: A Systematic Review and Meta-analysis [medrxiv],https://doi.org/10.1101/2020.04.12.20062869,medRxiv,OR 4.19,1.27,13.8,,Significant,Not Adjusted,Extracted,OR 1.95,1.17,3.24,,Significant,Not Adjusted,Extracted,,Systematic review and meta-analysis,16 studies enrolling 3473 patients,"PubMed, Embase, Cochrane Library, Scopus, Web of Science as well as medRxiv pre-print database, Google Scholar and journal websites were searched",,Y,N
90,2020-04-16,Characteristics and outcomes of a cohort of SARS-CoV-2 patients in the Province of Reggio,http://doi.org/10.1101/2020.04.13.20063545,,,,,,,,,HR 1.7,1.25,2.5,,Significant,Adjusted,Extracted,Age and gender,Retrospective observational study,2362,"All patients in Reggio Emilia, Italiy from Feb 27 to April 2, 2021",5/6/2020,N,N
91,2020-04-16,Cardiovascular Diseases and COVID-19 Mortality and Intensive Care Unit Admission: A Systematic Review and Meta-analysis,https://doi.org/10.1101/2020.04.12.20062869,MedRxiv,,,,,,,,OR=1.95,1.17,3.24,,Significant,Not Adjusted,Extracted,,Systematic review and meta-analysis,,"PubMed, Embase, Cochrane Library, Scopus, Web of Science as well as medRxiv pre-print database, journal websites and Google Scholar",,N,N
92,2020-04-15,"Risk factors for disease severity, unimprovement, and mortality of COVID-19 patients in Wuhan, China [Clinical Microbiology and Infection]",https://www.clinicalmicrobiologyandinfection.com/article/S1198-743X(20)30217-2/pdf,Clinical Microbiology and Infection,OR 3.16,2.07,4.81,<0.01,Significant,Not Adjusted,Calculated,OR 5.89,2.55,13.59,<0.01,Significant,Not Adjusted,Calculated,,Retrospective observational study,663,"Renmin Hospital of Wuhan University from January 11th to February 6th, 2020",,N,N
93,2020-04-15,Risk Factors of Fatal Outcome in Hospitalized Subjects With Coronavirus Disease 2019 From a Nationwide Analysis in China Q28,http://doi.org/10.1016/j.chest.2020.04.010,,,,,,,,,HR 4.28,1.14,16.13,,Significant,Adjusted,Extracted,"Age, cerebrovascular disease, dyspnea, procalcitonin, AST",Retrospective observational study,1590,"575 hospitals in China through January 31, 2020",,N,N
94,2020-04-12,Risk factors for severity and mortality in adult COVID-19 inpatients in Wuhan Risk factors for severity and mortality in adult COVID-19 1 inpatients in Wuhan,http://doi.org/10.1016/j.jaci.2020.04.006,Journal of Allergy and Clinical Immunology,OR 5.29,2.15,12.98,<0.01,Significant,Not Adjusted,Calculated,,,,,,,,,Retrospective observational study,548,"Sino-French New City Branch of Tongji Hospital, Huazhong University of Science and 161 Technology in Wuhan from January 26, 2020 to February 5, 2021",,N,N
95,2020-04-11,"Factors associated with hospitalization and critical illness among 4,103 patients with",http://doi.org/10.1101/2020.04.08.20057794,medRxiv,OR 0.89,0.55,1.41,0.61,Not Significant,Not Adjusted,Extracted,,,,,,,,,Cross-sectional study,4103,"Single-center study in  New York City between March 1, 2020 and April 2, 2020, with follow up through April 7, 2024",4/21/2020,Y,N
96,2020-04-10,The Use of Adjuvant Therapy in Preventing Progression to Severe Pneumonia in Patients with Coronavirus Disease 2019: A Multicenter Data Analysis,http://doi.org/10.1101/2020.04.08.20057539,medRxiv,OR: 2.85,1.08,7.56,0.04,Significant,Not Adjusted,Extracted,,,,,,,,,Retrospective observational study,564,"Third Xiangya Hospital of Central South University, Changsha Public Health Treatment Center, First Hospital of Yueyang, Junshan People’s Hospital of Yueyang, Central Hospital of Shaoyang, Central Hospital of Xiangtan, Second Hospital of Changde, Central Hospital of Loudi, and First Affiliated Hospital of University of South China from January 17, 2020 to February 28, 2020.",4/20/2020,N,N
97,2020-04-10,Neutrophil-to-lymphocyte ratio as an independent risk factor for mortality in hospitalized patients with COVID-19,https://doi.org/10.1016/j.jinf.2020.04.002,Journal of Infection,,,,,,,,OR 6.46,2.33,17.9,<0.05,Significant,Not Adjusted,Extracted,,Retrospective observational study,245,"Zhongnan Hospital of Wuhan University from January 1 to February 29, 2020",,N,N
98,2020-04-08,Does comorbidity increase the risk of patients with COVID-19: evidence from meta-analysis,https://www.ncbi.nlm.nih.gov/pmc/articles/PMC7185114/,Aging,OR 2.93,1.73,4.96,,Significant,Not Adjusted,Extracted,,,,,,,,,Systematic review and meta-analysis,1558,"PubMed (Medline), EMBASE, Springer, Web of Science, and Cochrane Library databases up to date to March 1, 2020",,N,N
99,2020-04-07,The clinical characteristics of COVID-19: a retrospective analysis of 104 patients from the outbreak on board the Diamond Princess cruise ship in Japan,https://doi.org/10.1101/2020.03.18.20038125,medRxiv,OR: 1.88,0.68,5.23,0.23,Not Significant,Not Adjusted,Calculated,,,,,,,,,Retrospective observational study,104,Passengers and crew of Diamond Princess cruise ship,4/10/2020,N,N
