,Date,Study,Study Link,Journal,Severe,Severe lower bound,Severe upper bound,Severe p-value,Severe Significant,Severe Adjusted,Severe Calculated,Fatality,Fatality lower bound,Fatality upper bound,Fatality p-value,Fatality Significant,Fatality Adjusted,Fatality Calculated,Multivariate adjustment,Study Type,Sample Size,Study Population,Added on,Critical only,Discharged vs. death?
0,2020-06-01,COVID-19 with Different Severities: A Multicenter Study of Clinical Features,https://www.ncbi.nlm.nih.gov/pubmed/32275452/,Am J Respir Crit Care Med,OR 3.25,1.87,5.65,0,Significant,Not Adjusted,Calculated,,,,,,,,,Retrospective observational study,476,"Jinyintan Hospital in Wuhan, Shanghai Public Health Clinical Center in Shanghai, and Tongling People’s Hospital in Anhui Province, China from January 1, 2020, to February 15, 2020.",,Y,N
1,2020-06-01,Characteristics and Outcomes of COVID-19 Patients in New York City's Public Hospital System,http://medrxiv.org/cgi/content/short/2020.05.29.20086645v1?rss=1,MedRxiv,,,,,,,,OR 1.09,0.97,1.22,0.16,Not Significant,Not Adjusted,Calculated,,Retrospective observational study,13442,"New York City Health and Hospital between March 5 and April 9, 2020",,N,N
2,2020-06-01,Epidemiological characteristics of coronavirus disease 2019 (COVID-19) patients in IRAN: A single center study,https://doi.org/10.1016/j.jcv.2020.104378,J Clin Virol,,,,,,,,OR=1.05,1.04,1.06,<0.05,Significant,Not Adjusted,Extracted,,Retrospective observational study,2964,"Baqiyatallah hospital in Tehran from 19 February 2020, to 15 April 2020",,N,N
3,2020-05-29,A clinical risk score to identify patients with COVID-19 at high risk of critical care admission or death: an observational cohort study.,https://doi.org/10.1016/j.jinf.2020.05.064,J Infect,HR=1.41,1.01,1.96,<0.05,Significant,Not Adjusted,Extracted,HR=1.59,1.23,2.06,<0.05,Significant,Not Adjusted,Extracted,,Retrospective observational study,1157,"King’s College Hospital and Princess Royal University Hospital from March 1, 2020 and April 17, 2020",,Y,N
4,2020-05-29,The Association Between Biomarkers and Clinical Outcomes in Novel Coronavirus (COVID-19) Pneumonia in a U.S. Cohort,http://medrxiv.org/cgi/content/short/2020.05.27.20115105v1?rss=1,MedRxiv,OR: 2.6,1.4,4.6,,Significant,Not Adjusted,Extracted,OR: 1.4,1.0,2.2,,Not Significant,Not Adjusted,Extracted,,Retrospective observational study,299,"299 patients with confirmed COVID-19 positive results were admitted to the hospitalist service at GWUH between March 12th and May 9th, 2020",,Y,N
5,2020-05-29,Anakinra for severe forms of COVID-19: a cohort study,https://doi.org/10.1016/s2665-9913(20)30164-8,Lancet Rheumatol,AHR=1.34,0.69,2.62,0.38,Not Significant,Adjusted,Extracted,,,,,,,,Anakinra group; Sex; Symptom duration; BMI;Number of comorbidities; Hydroxychloroquine; Azithromycin,Prospective observational study,96,"A prospective cohort from Groupe Hospitalier Paris Saint-Joseph (Paris, France) and a historical control cohort retrospectively selected from the Groupe Hospitalier Paris Saint-Joseph COVID cohort, which began on March 18, 2020.",,Y,N
6,2020-05-29,"Clinical characteristics, outcomes, and risk factors for mortality in patients with cancer and COVID-19 in Hubei, China: a multicentre, retrospective, cohort study",https://www.sciencedirect.com/science/article/pii/S1470204520303107,Lancet Oncol,,,,,,,,AOR=3.86,1.57,9.5,<0.05,Significant,Adjusted,Extracted,Sex; Receiving chemotherapy; Time since cancer diagnosis; Cancer type,Retrospective observational study,205,"Cancer  Center  of  Wuhan  Union  Hospital,  West  Branch  of  Wuhan  Union  Hospital,   Jin   Yin-tan   Hospital,   Wuhan   Red   Cross   Hospital,  the  Central  Hospital  of  Wuhan,  Huanggang  Central Hospital, the First People’s Hospital Affiliated to Yangtze   University,   Xianning   Central   Hospital,   and   Suizhou  Central  Hospital from Jan 13, 2020 to Marcg 18, 2020",,N,N
7,2020-05-29,"Clinical characteristics, outcomes, and risk factors for mortality in patients with cancer and COVID-19 in Hubei, China: a multicentre, retrospective, cohort study",https://www.sciencedirect.com/science/article/pii/S1470204520303107,Lancet Oncol,,,,,,,,OR=3.86,1.8,8.25,<0.05,Significant,Not Adjusted,Extracted,,Retrospective observational study,205,"Cancer  Center  of  Wuhan  Union  Hospital,  West  Branch  of  Wuhan  Union  Hospital,   Jin   Yin-tan   Hospital,   Wuhan   Red   Cross   Hospital,  the  Central  Hospital  of  Wuhan,  Huanggang  Central Hospital, the First People’s Hospital Affiliated to Yangtze   University,   Xianning   Central   Hospital,   and   Suizhou  Central  Hospital from Jan 13, 2020 to Marcg 18, 2020",,N,N
8,2020-05-28,Obesity and COVID-19: an Italian snapshot,https://www.ncbi.nlm.nih.gov/pubmed/32463545/,Obesity,,,,,,,,OR: 3.49,0.28,43.98,0.33,Not Significant,Not Adjusted,Extracted,,Retrospective observational study,92,"92 patients stayed at least one day in the COVID-19 medical ward from March 23 to April 11, 2020",,N,N
9,2020-05-26,COVID-19: Impact of Obesity and Diabetes in Disease Severity,http://medrxiv.org/cgi/content/short/2020.05.24.20111724v1?rss=1,MedRxiv,AOR=2.23,1.18,4.22,<0.05,Significant,Adjusted,Extracted,,,,,,,,Age; Gender; Diabetes; Hypertension,Retrospective observational study,1158,Jaber Al-Ahmad Al-Sabah Hospital in Kuwait from 24 February to 7 April 2020.,,Y,N
10,2020-05-26,COVID-19: Impact of Obesity and Diabetes in Disease Severity,http://medrxiv.org/cgi/content/short/2020.05.24.20111724v1?rss=1,MedRxiv,AOR=3.58,1.45,8.8,<0.05,Significant,Adjusted,Extracted,,,,,,,,Age; Gender; BMI; Hypertension,Retrospective observational study,1158,Jaber Al-Ahmad Al-Sabah Hospital in Kuwait from 24 February to 7 April 2020.,,Y,N
11,2020-05-26,COVID-19: Impact of Obesity and Diabetes in Disease Severity,http://medrxiv.org/cgi/content/short/2020.05.24.20111724v1?rss=1,MedRxiv,OR=0.73,0.41,1.28,0.28,Not Significant,Not Adjusted,Extracted,,,,,,,,,Retrospective observational study,1158,Jaber Al-Ahmad Al-Sabah Hospital in Kuwait from 24 February to 7 April 2020.,,Y,N
12,2020-05-26,"Characteristics and predictors of hospitalization and death in the first 9,519 cases with a positive RT-PCR test for SARS-CoV-2 in Denmark: A nationwide cohort",http://medrxiv.org/cgi/content/short/2020.05.24.20111823v1?rss=1,MedRxiv,,,,,,,,AOR=2.1,1.7,2.6,,Significant,Adjusted,Extracted,Age; Sex,Retrospective observational study,9519,"Danish SARS-CoV-2 cohort from February 27th, 2020 to April 30th, 2020",,Y,N
13,2020-05-26,"Characteristics and predictors of hospitalization and death in the first 9,519 cases with a positive RT-PCR test for SARS-CoV-2 in Denmark: A nationwide cohort",http://medrxiv.org/cgi/content/short/2020.05.24.20111823v1?rss=1,MedRxiv,,,,,,,,AOR=2.1,1.7,2.7,,Significant,Adjusted,Extracted,Age; Sex; Number of comorbidities,Retrospective observational study,9519,"Danish SARS-CoV-2 cohort from February 27th, 2020 to April 30th, 2020",,Y,N
14,2020-05-26,"Characteristics and predictors of hospitalization and death in the first 9,519 cases with a positive RT-PCR test for SARS-CoV-2 in Denmark: A nationwide cohort",http://medrxiv.org/cgi/content/short/2020.05.24.20111823v1?rss=1,MedRxiv,OR 2.69,2.05,3.54,0,Significant,Not Adjusted,Calculated,OR=1.9,1.6,2.3,,Significant,Not Adjusted,Extracted,,Retrospective observational study,9519,"Danish SARS-CoV-2 cohort from February 27th, 2020 to April 30th, 2020",,Y,N
15,2020-05-26,Association between Cardiovascular Burden and Requirement of Intensive Care among Patients with Mild COVID-19,http://medrxiv.org/cgi/content/short/2020.05.25.20111757v1?rss=1,MedRxiv,AOR=0.96,0.45,2.06,0.92,Not Significant,Adjusted,Extracted,,,,,,,,Age; Sex; Chest tightness; Diabetes; Lung diseases; Platelet; Radiologic abnormality; Positice SARS-CoV-2 by RT-PCR,Retrospective observational study,332,"February 5, 2020, to March 10, 2020 (followed up through March 25, 2020)",,Y,N
16,2020-05-26,Association between Cardiovascular Burden and Requirement of Intensive Care among Patients with Mild COVID-19,http://medrxiv.org/cgi/content/short/2020.05.25.20111757v1?rss=1,MedRxiv,AOR=1.28,0.7,2.36,<0.05,Significant,Adjusted,Extracted,,,,,,,,Age; Sex,Retrospective observational study,332,"February 5, 2020, to March 10, 2020 (followed up through March 25, 2020)",,Y,N
17,2020-05-26,Association between Cardiovascular Burden and Requirement of Intensive Care among Patients with Mild COVID-19,http://medrxiv.org/cgi/content/short/2020.05.25.20111757v1?rss=1,MedRxiv,AOR=1.38,0.72,2.66,0.33,Not Significant,Adjusted,Extracted,,,,,,,,Age; Sex; Chest tightness; Diabetes; Lung diseases,Retrospective observational study,332,"February 5, 2020, to March 10, 2020 (followed up through March 25, 2020)",,Y,N
18,2020-05-26,Association between Cardiovascular Burden and Requirement of Intensive Care among Patients with Mild COVID-19,http://medrxiv.org/cgi/content/short/2020.05.25.20111757v1?rss=1,MedRxiv,OR=1.40,0.79,2.48,0.25,Not Significant,Not Adjusted,Extracted,,,,,,,,,Retrospective observational study,332,"February 5, 2020, to March 10, 2020 (followed up through March 25, 2020)",,Y,N
19,2020-05-26,Use of High Flow Nasal Therapy to Treat Moderate to Severe Hypoxemic Respiratory Failure in COVID-24,http://medrxiv.org/cgi/content/short/2020.05.22.20109355v1?rss=1,MedRxiv,OR 1.27,0.57,2.86,0.56,Not Significant,Not Adjusted,Calculated,,,,,,,,,Retrospective observational study,104,"consecutive patients admitted to Temple University Hospital in Philadelphia, Pennsylvania, from March 10, 2020, to April 24, 2020, for moderate to severe hypoxemia due to highly suspected or proven COVID-19 infection",,Y,N
20,2020-05-26,"Association of age, sex, comorbidities, and clinical symptoms with the severity and mortality of COVID-19 cases: a meta-analysis with 85 studies and 67299 cases",http://medrxiv.org/cgi/content/short/2020.05.23.20110965v1?rss=1,MedRxiv,,,,,,,,OR=2.26,1.79,2.86,<0.05,Significant,Not Adjusted,Extracted,,Systematic review and meta-analysis,"85 articles, 67299 cases","PubMed, ScienceDirect, and SAGE database from January 1, 2020, to May 17, 2020",,N,N
21,2020-05-22,Factors associated with hospital admission and critical illness among 5279 people with coronavirus disease 2019 in New York City: prospective cohort study,https://doi.org/10.1136/bmj.m1966,BMJ,AOR=1.06,0.85,1.3,0.6,Not Significant,Adjusted,Extracted,AHR=0.92,0.77,1.11,0.39,Not Significant,Adjusted,Extracted,Vital signs; Laboratory results,Retrospective observational study,990,"NYU Langone Health between March 1, 2020 to April 8, 2020",,Y,N
22,2020-05-14,"Obesity and COVID-19 Severity in a Designated Hospital in Shenzhen, China",https://doi.org/10.2337/dc20-0576,Diabetes care,OR 2.35,1.44,3.82,0,,,,,,,,,,,,Retrospective observational study,383,"Third People’s Hospital of Shenzhen, from 11 January 2020 to 16 February 2020 (followed until 26 March 2020)",,N,N
23,2020-05-14,"Clinical Characteristics and Risk Factors for Mortality of COVID-19 Patients With Diabetes in Wuhan, China: A Two-Center, Retrospective Study",https://doi.org/10.2337/dc20-0598,Diabetes care,,,,,,,,OR 0.88,3.11,0.12,,Not Significant,Not Adjusted,Calculated,,Retrospective observational study,153,Renmin Hospital of Wuhan University and Zhongnan Hospital of Wuhan University from 1 January 2020 to 8 March 2021,,N,Y
24,2020-05-14,Early estimation of the risk factors for hospitalisation and mortality by COVID-19 in Mexico,http://medrxiv.org/cgi/content/short/2020.05.11.20098145v1?rss=1,MedRxiv,,,,,,,,OR 1.50,1.99,0.0,,Significant,Not Adjusted,Calculated,,Retrospective observational study,9946,"Epidemiological Surveillance System for Viral Respiratory Diseases of the Mexican Ministry of Health (Secretaría de Salud, SS) on April 23rd, 2020",,N,N
25,2020-05-13,"Epidemiological and clinical characteristics of 333 confirmed cases with coronavirus disease 2019 in Shanghai, China",https://www.ncbi.nlm.nih.gov/pubmed/32351037/,Transbound Emerg Dis,OR 3.40,1.33,8.7,0.01,Significant,Not Adjusted,Calculated,,,,,,,,,Retrospective observational study,333,"Center for Disease Control and Prevention in Shanghai as of February 19, 2020",,N,N
26,2020-05-12,"Risk Factors for Mortality in 244 Older Adults With COVID‐19 in Wuhan, China: A Retrospective Study",https://www.ncbi.nlm.nih.gov/pubmed/32383809/,J Am Geriatr Soc,,,,,,,,OR 2.97,1.76,5.01,<0.05,Significant,Not Adjusted,Calculated,,Retrospective observational study,244,"Sino-French New City Branch of Tongji Hospital from Jan 29, 2020 to Mar 5, 2020",,N,Y
27,2020-05-12,Clinical characteristics of patients diagnosed with COVID-19 in Beijing,https://www.sciencedirect.com/science/article/pii/S2590053620300483?v=s5,Biosafety and Health,OR 2.13,0.63,7.16,0.22,Not Significant,Not Adjusted,Calculated,,,,,,,,,Retrospective observational study,45,"Beijing You'an Hospital from January 28, 2020 to February 23, 2020",,N,N
28,2020-05-12,"The characteristics and death risk factors of 132 COVID-19 pneumonia patients with comorbidities: a retrospective single center analysis in Wuhan, China",http://medrxiv.org/cgi/content/short/2020.05.07.20092882v1?rss=1,MedRxiv,,,,,,,,OR 0.51,5.99,0.38,,Not Significant,Not Adjusted,Calculated,,Retrospective observational study,132,"Hubei Third People's Hospital from January 19, 2020 to March 7, 2022",,N,N
29,2020-05-11,Effect of underlying comorbidities on the infection and severity of COVID-19 in South Korea,http://medrxiv.org/cgi/content/short/2020.05.08.20095174v1?rss=1,MedRxiv,OR 1.40,1.11,1.78,0,Significant,Not Adjusted,Calculated,,,,,,,,,Retrospective observational study,5172,"The insurance claims database of the HIRA of South Korea through April 8, 2020",,Y,N
30,2020-05-11,Clinical Characteristics and Outcomes of Hospitalized and Critically Ill Children and Adolescents with Coronavirus Disease 2019 (COVID-19) at a Tertiary Care Medical Center in New York City,https://www.ncbi.nlm.nih.gov/pubmed/32407719/,J Pediatr,OR 0.70,0.18,2.66,0.6,Not Significant,Not Adjusted,Calculated,,,,,,,,,Retrospective observational study,46,"Children aged 1 month to 21 years admitted at the Hospital at Montefiore between March 15-April 13, 2020",,Y,N
31,2020-05-11,Association of the insulin resistance marker TyG index with the severity and mortality of COVID-19,https://doi.org/10.1186/s12933-020-01035-2,Cardiovasc Diabetol,OR 2.44,1.25,4.76,0.01,Significant,Not Adjusted,Calculated,,,,,,,,,Retrospective observational study,151,"Tongji Hospital of Huazhong University of Science and Technology in Wuhan, China from Jan 12 2020, to Feb 13 2020",,N,N
32,2020-05-11,Cardiac injuries in patients with coronavirus disease 2019: Not to be ignored,https://doi.org/10.1016/j.ijid.2020.05.024,Int J Infect Dis,,,,,,,,OR 0.41,3.11,0.81,,Not Significant,Not Adjusted,Calculated,,Retrospective observational study,73,"Intensive care unit (ICU) of Wuhan Jinyintan Hospital from December 30, 2019 to February 16, 2020",,N,N
33,2020-05-11,Characteristics and clinical significance of myocardial injury in patients with severe coronavirus disease 2019,https://www.ncbi.nlm.nih.gov/pubmed/32391877/,Eur Heart J,,,,,,,,AHR=0.78,0.33,1.86,0.57,Not Significant,Adjusted,Extracted,Senior age; Lab values,Retrospective observational study,671,"Renmin Hospital of Wuhan University, located in Wuhan, Hubei Province, from February 18, 2020 through February 23, 2020",,N,N
34,2020-05-11,Characteristics and clinical significance of myocardial injury in patients with severe coronavirus disease 2019,https://www.ncbi.nlm.nih.gov/pubmed/32391877/,Eur Heart J,,,,,,,,AHR=0.92,0.43,1.99,0.84,Not Significant,Adjusted,Extracted,Lab values,Retrospective observational study,671,"Renmin Hospital of Wuhan University, located in Wuhan, Hubei Province, from February 18, 2020 through February 23, 2020",,N,N
35,2020-05-10,COVID-19 in solid organ transplant recipients: Initial report from the US epicenter,https://www.ncbi.nlm.nih.gov/pubmed/32330343/,Am J Transplant,OR 1.02,0.41,2.56,0.96,Not Significant,Not Adjusted,Calculated,,,,,,,,,Retrospective observational study,90,"Columbia University Irving Medical Center (CUIMC) and Weill Cornell Medicine (WCM) between March 13, 2020 and April 3, 2020",,Y,N
36,2020-05-10,Smoking Prevalence is Low in Symptomatic Patients Admitted for COVID-19.,http://medrxiv.org/cgi/content/short/2020.05.05.20092015v1?rss=1,MedRxiv,,,,,,,,OR 1.29,2.98,0.0,,Significant,Not Adjusted,Calculated,,Retrospective observational study,441,"Parma, Northern Italy, from March 5 to March 31, 2021",,N,N
37,2020-05-08,"Clinical findings of patients with coronavirus disease 2019 in Jiangsu province, China: A retrospective, multi-center study.",https://doi.org/10.1371/journal.pntd.0008280,PLoS neglected tropical diseases,OR=2.29,0.86,6.08,0.1,Not Significant,Not Adjusted,Extracted,,,,,,,,,Retrospective observational study,202,"Affiliated Hospital of Xuzhou Medical University [27 cases]; The Affiliated Hospital of Kangda College of Nanjing Medical University, The First People’s Hospital of Lianyungang [11 cases]; Infectious Disease Hospital of Suqian [11 cases]; Huai’an No. 4 People’s Hospital [41 cases]; Yancheng Second People’s Hospital [12 cases]; The Third People’s Hospital of Yangzhou [15 cases]; The Third People’s Hospital of Changzhou [28 cases] and The Affiliated Infectious Diseases Hospital of Soochow University [57 cases] from January 22, 2020 to February 10, 2020",,N,N
38,2020-05-01,Kidney Allograft Recipients Diagnosed with Coronavirus Disease-2019: A Single Center Report,http://doi.org/10.1101/2020.04.30.20086462,medrxiv,OR 4.43,1.23,15.9,0.02,Significant,Not Adjusted,Calculated,,,,,,,,,Retrospective observational study,54,"Weill Cornell Medicine (WCM) Fever Clinic or the NYP/WC Emergency Department (ED) from March 13, 2020 to April 20, 2020 and followed patients until April 25, 2020",,N,N
39,2020-05-07,OpenSAFELY: factors associated with COVID-19-related hospital death in the linked electronic health records of 17 million adult NHS patients.,http://medrxiv.org/cgi/content/short/2020.05.06.20092999v1?rss=1,MedRxiv,,,,,,,,AHR 1.99,1.88,2.1,,Significant,Adjusted,Extracted,"age, gender, obesity, smoking status, diabetes, cancer, hematological malignancy, asthma, chronic respiratory disease, heart disease, hypertension, chronic liver disease, stroke or dementia, other neurological disease, reduced kidney function, organ transplant, spleen disease, rheumatoid arthritis/lupus/psoriasis, immunosuppression",Retrospective observational study,17425445,"TPP general practice in England from February 1 to April 25, 2020.",,N,N
40,2020-05-01,"Lung disease severity, Coronary Artery Calcium, Coronary inflammation and Mortality in Coronavirus Disease 2021",http://doi.org/10.1101/2020.05.01.20087119,medrxiv,,,,,,,,OR 1.67,1.0,2.76,0.05,Significant,Not Adjusted,Extracted,,Retrospective observational study,279,"Parma 12 University Hospital, Parma, Italy from Mar 05, 2020 to Mar 15, 2020",,N,Y
41,2020-05-06,Correlation of coagulation parameters with clinical outcomes in Coronavirus-19 affected minorities in United States: Observational cohort,https://doi.org/10.1101/2020.05.01.20087932,MedRxiv,,,,,,,,AOR 2.02,0.79,5.18,0.14,Not Significant,Adjusted,Extracted,"Age, DDimer",Retrospective observational study,217,"Montefiore Medical Center/University Hospital for Albert Einstein College of Medicine, Moses Campus between March 20th to March 31st 2020",,N,Y
42,2020-05-06,Correlation of coagulation parameters with clinical outcomes in Coronavirus-19 affected minorities in United States: Observational cohort,https://doi.org/10.1101/2020.05.01.20087932,MedRxiv,,,,,,,,OR 1.76,0.98,3.23,0.06,Not Significant,Not Adjusted,Extracted,,Retrospective observational study,217,"Montefiore Medical Center/University Hospital for Albert Einstein College of Medicine, Moses Campus between March 20th to March 31st 2020",,N,Y
43,2020-05-06,30-day mortality in patients hospitalized with COVID-19 during the first wave of the Italian epidemic: a prospective cohort study,https://doi.org/10.1101/2020.05.02.20088336,MedRxiv,,,,,,,,OR 2.24,1.02,4.91,0.04,Significant,Not Adjusted,Calculated,,Prospective observational study,233,"Luigi Sacco Hospital in Milan, Italy, between 21 February (the day the first patients were hospitalised) to 19 March 2020; the observation of the cohort was censored on 20 April 2020",,N,N
44,2020-05-05,Pre-Existing Characteristics Associated with Covid-19 Illness Severity,https://doi.org/10.1101/2020.04.29.20084533,MedRxiv,AOR 1.87,1.26,2.77,<0.05,Significant,Adjusted,Extracted,,,,,,,,"Age, Gender",Retrospective observational study,442,"Cedars-Sinai Health System includes Cedars-Sinai Medical Center (CSMC), Marina Del Rey Hospital (MDRH), and affiliated clinics from Feb 26, 2020 to Mar 21, 2020",,Y,N
45,2020-05-05,Pre-Existing Characteristics Associated with Covid-19 Illness Severity,https://doi.org/10.1101/2020.04.29.20084533,MedRxiv,AOR 2.01,1.34,3.04,<0.05,Significant,Adjusted,Extracted,,,,,,,,"Age, Gender, African American race, Hispanic ethnicity, Obesity, Hypertension, Diabetes Mellitus, Elixhauser comorbidity score, Prior myocardial infarcion or heart failure, Prior COPD or asthma, ACE inhibitor use, Angiotensin receptor blocker use",Retrospective observational study,442,"Cedars-Sinai Health System includes Cedars-Sinai Medical Center (CSMC), Marina Del Rey Hospital (MDRH), and affiliated clinics from Feb 26, 2020 to Mar 21, 2020",,Y,N
46,2020-05-05,Risk Factors of the Severity of COVID-19: A Meta-Analysis,https://doi.org/10.1101/2020.04.30.20086744,MedRxiv,RR=1.29,1.07,1.54,,Significant,Not Adjusted,Extracted,,,,,,,,,Systematic review and meta-analysis,"10 Studies, 2272 Patients","PubMed, Google Scholar, EMBASE, and Cochrane Library from Apr 2, 2020 to Apr 18, 2020",,N,N
47,2020-05-04,Analysis of hospitalized COVID-19 patients in the Mount Sinai Health System using electronic medical records (EMR) reveals important prognostic factors for improved clinical outcomes,https://doi.org/10.1101/2020.04.28.20075788,MedRxiv,,,,,,,,OR 0.98,1.36,0.09,,Not Significant,Not Adjusted,Calculated,,Retrospective observational study,3273,Mount Sinai Health System from 2/24/2020 to 4/15/2020,,N,N
48,2020-05-03,COVID-19 Infections and Outcomes in a Live Registry of Heart Failure Patients Across an Integrated Health Care System Short COVID-19 Infection in Heart Failure Corresponding Author,doi.org/10.1101/2020.04.27.20082016,medrxiv,,,,,,,,OR 1.26,0.6,2.64,0.54,Not Significant,Not Adjusted,Calculated,,Retrospective observational study,206,"Yale Heart Failure Registry (NCT04237701) on April 16th, 2020",,N,N
49,2020-05-02,Longitudinal association between markers of liver injury and mortality in COVIDâ€19 in China,https://doi.org/10.1002/hep.31301,Hepatology,OR 1.51,1.32,1.71,0,Not Significant,Not Adjusted,Calculated,,,,,,,,,Retrospective observational study,5771,"patients with COVID-19 were admitted to the following 10 hospitals that were designated to treat COVID-19 patients: Renmin Hospital of Wuhan University, Thunder Mountain Hospital, Wuhan Ninth Hospital, Huanggang Central Hospital, Zhongnan Hospital of  Wuhan  University,  Wuhan  Central  Hospital,  Wuhan  Third  Hospital,  Wuhan  Seventh  Hospital, Wuhan First Hospital, Central Hospital of Enshi Tujia and Miao Autonomous Prefecture from December 20, 2019 to March 8, 2020",,N,N
50,2020-05-02,Incidence of venous thromboembolism in hospitalized patients with COVID-20,https://www.ncbi.nlm.nih.gov/pubmed/32369666/,J. thromb. haemost,OR 2.42,1.26,4.62,0.01,Significant,Not Adjusted,Calculated,,,,,,,,,Retrospective observational study,198,"Amsterdam University Medical Centers, location Academic Medical Center, until April 12th, 2020",,Y,N
51,2020-05-01,Cohort profile: Preliminary experience of 500 COVID-19 postive cases at a South West London District General Hospital.,https://doi.org/10.1101/2020.04.28.20075119,MedRxiv,,,,,,,,OR 1.34,0.88,2.05,0.17,Not Significant,Not Adjusted,Calculated,,Retrospective observational study,363,"District General Hospital in South West London, UK admitted between 10 January and 10 April 2020",,N,Y
52,2020-04-30,Characteristics of COVID-19 infection in Beijing,https://doi.org/10.1016/j.jinf.2020.02.018,Journal of Infection,OR: 1.48,0.78,2.81,0.23,Not Significant,Not Adjusted,Calculated,,,,,,,,,Retrospective observational study,262,"Patients transferred to referral centers by Beijing Emergency Medical Service (EMS) from Jan 20 to Feb 10, 2020",,N,N
53,2020-04-30,Association of Obesity with Disease Severity among Patients with COVIDâ€19,https://doi.org/10.1002/oby.22859,Obesity (Silver Spring),AOR=2.24,0.86,5.78,0.1,Not Significant,Adjusted,Extracted,,,,,,,,Age; Race; Gender,Retrospective observational study,103,"Rhode Island Hospital, The Miriam Hospital, or Newport Hospital, in Rhode Island, USA, between February 17th and April 5th, 2020",,Y,N
54,2020-04-30,Association of Obesity with Disease Severity among Patients with COVIDâ€19,https://doi.org/10.1002/oby.22859,Obesity (Silver Spring),AOR=2.40,0.87,6.64,0.09,Not Significant,Adjusted,Extracted,,,,,,,,Age; Race; Gender; BMI; Diabetes; Hypertension; Heart disease; Lung disease,Retrospective observational study,103,"Rhode Island Hospital, The Miriam Hospital, or Newport Hospital, in Rhode Island, USA, between February 17th and April 5th, 2020",,Y,N
55,2020-04-30,Association of Obesity with Disease Severity among Patients with COVIDâ€19,https://doi.org/10.1002/oby.22859,Obesity (Silver Spring),OR=1.42,0.63,3.19,0.39,Not Significant,Not Adjusted,Extracted,,,,,,,,,Retrospective observational study,103,"Rhode Island Hospital, The Miriam Hospital, or Newport Hospital, in Rhode Island, USA, between February 17th and April 5th, 2020",,Y,N
56,2020-04-29,"Clinical Characteristics and Short-Term Outcomes of Severe Patients with COVID-19 in Wuhan, China",doi.org/10.1101/2020.04.24.20078063,medrxiv,HR 0.77,0.31,1.94,0.58,Not Significant,Not Adjusted,Extracted,,,,,,,,,Prospective observational study,114,"Union Hospital from January 23, 2020 to February 22, 2020",,Y,N
57,2020-04-29,"Clinical Characteristics and Short-Term Outcomes of Severe Patients with COVID-19 in Wuhan, China",10.1101/2020.04.24.20078063,medrxiv,AHR 0.73,0.29,1.84,0.51,Not Significant,Adjusted,Extracted,,,,,,,,,Prospective observational study,114,"Union Hospital from January 23, 2020 to February 22, 2020",,Y,N
58,2020-04-29,"Key predictors of attending hospital with COVID19: An association study from the COVID Symptom Tracker App in 2,618,948 individuals",https://doi.org/10.1101/2020.04.25.20079251,medrxiv,OR 2.14,1.72,2.66,,,,,,,,,,,,,Retrospective observational study,2618948,"UK and US-based COVID Symptom Tracker App users (through April 21, 2020)",,Y,N
59,2020-04-29,Gender-Based Disparities in COVID-19: Clinical Characteristics and Propensity-matched Analysis of Outcomes,https://doi.org/10.1101/2020.04.24.20079046,medrxiv,RR 1.71,1.28,2.3,<0.01,Significant,Adjusted,Extracted,RR 1.44,1.24,1.67,<0.01,Significant,Adjusted,Extracted,"Age, race, nicotine use, confounding comorbidities",Retrospective observational study,13710 (10700 for propensity matching),"Population-based study using TriNetX COVID-19 Research Network which comprises of multiple healthcare organizations (HCOs) predominantly in the United States from Jan 20, 2020 to Apr 15, 2020",,Y,N
60,2020-04-29,Supplementing the National Early Warning Score (NEWS2) for anticipating early deterioration among patients with COVID-19 infection,https://doi.org/10.1101/2020.04.24.20078006,medrxiv,OR 2.01,1.38,2.92,<0.01,,,,,,,,,,,,Retrospective observational study,708,UK NHS hospital from 1st March to 5th April 2020,,Y,N
61,2020-04-29,"Role of Drugs Affecting the Renin-Angiotensin-Aldosterone System on Susceptibility and Severity of COVID-19: A Large Case-Control Study from Zheijang Province, China.",https://doi.org/10.1101/2020.04.24.20077875,medrxiv,AOR: 2.32,1.54,3.5,,Significant,Adjusted,Extracted,,,,,,,,,Retrospective observational study,610,"14 hospitals in Zhejiang province, China between Jan 10 and Feb 28, 2020 and confirmed diagnosis of Covid-19 infection were included",,N,N
62,2020-04-28,"Clinical characteristics of 145 patients with corona virus disease 2019 (COVID-19) in Taizhou, Zhejiang, China",https://doi.org/10.1007/s15010-020-01432-5,Infection,OR 0.94,0.46,1.93,0.88,Not Significant,Not Adjusted,Calculated,,,,,,,,,Retrospective observational study,145,"Taizhou Public Health Medical Center, Zhejiang, China from Jan 1, 2020 to Mar 11, 2020",,N,N
63,2020-04-28,"Clinical determinants for fatality of 44,672 patients with COVID-19",https://www.ncbi.nlm.nih.gov/pmc/articles/PMC7187660/,Critical Care,,,,,,,,OR 1.69,1.48,1.92,<0.01,Significant,Not Adjusted,"Extracted RR, Calculated OR",,Case series,44672,"Chinese center for disease control and prevention (44,672 laboratory confirmed cases updated through February 11, 2020, [2])",,N,N
64,2020-04-27,Multicenter cohort study demonstrates more consolidation in upper lungs on initial CT increases the risk of adverse clinical outcome in COVID-19 patients,https://www.ncbi.nlm.nih.gov/pmc/articles/PMC7196305/,Theranostics,OR 1.69,0.98,2.94,0.06,Not Significant,Not Adjusted,Calculated,,,,,,,,,Retrospective observational study,421,Jiangsu province between 10 January and 18 February 2020.,,Y,N
65,2020-04-27,Estimating Survival of Hospitalized COVID-19 Patients from Admission Information,http://doi.org/10.1101/2020.04.22.20075416,medrxiv,,,,,,,,OR 1.22,1.07,1.39,<0.01,Significant,Not Adjusted,Calculated,,Retrospective observational study,5233,"Northwell Health acute care hospitals on or after March 1, 2020, and were discharged or died before April 12, 2020. Clinical outcomes (i.e., discharges, mortality, and length of stay) were monitored until April 12, 2020, the final date of follow-up",,N,Y
66,2020-04-27,Risk factors for predicting mortality in elderly patients with COVID-19: a review of clinical data in China,https://doi.org/10.1016/j.mad.2020.111255,Mechanisms of Ageing and Development,,,,,,,,OR 1.19,0.62,2.26,0.61,Not Significant,Not Adjusted,Calculated,,Retrospective observational study,154,"Most cases were reported in Hubei (40 cases), followed by Shanghai (33 cases) and Henan (10 cases)",,N,N
67,2020-04-25,Association between rRT-PCR test results upon admission and outcome in hospitalized chest CT-Positive COVID-19 patients; a provincial retrospective cohort with active follow-up,10.1101/2020.04.21.20074641,medrxiv,,,,,,,,OR 1.16,0.74,1.81,0.51,Not Significant,Adjusted,Extracted,"Age, ICU admission, PCR test results, admission week, number of comorbidities, cardiovascular disease, chronic lung disease, diabetes, chronic kidney disease, immunodeficiency, hypertension",Retrospective observational study,1197,"Qazvin province hospitals Feb 20-March 11, 2020",,N,N
68,2020-04-24,"COVID-19 in Iran, a comprehensive investigation from exposure to treatment outcomes",https://doi.org/10.1101/2020.04.20.20072421,medrxiv,OR 0.98,0.3,3.2,0.98,Not Significant,Not Adjusted,Calculated,,,,,,,,,Retrospective observational study,100,"YAS hospital affiliated to Tehran University of Medical Sciences from Feb 22 to March 5, 2020",,Y,N
69,2020-04-24,No Clear Benefit to the Use of Corticosteroid as Treatment in Adult Patients with Coronavirus Disease 2019 : A Retrospective Cohort Study,http://doi.org/10.1101/2020.04.21.20066258,medrxiv,OR 2.43,1.15,5.14,0.02,,,,,,,,,,,,Retrospective observational study,115,"Third People’s Hospital of Hubei Province between Jan 18, 2020, and Feb 28, 2020",,N,N
70,2020-04-24,Higher mortality in men from COVID19 infection-understanding the factors that drive the differences between the biological sexes.,https://doi.org/10.1101/2020.04.19.20062174,medrxiv,,,,,,,,OR 1.84,1.8,1.88,<0.01,Significant,Not Adjusted,Extracted,,Retrospective observational study,451261,Global Health 5050 COVID-19 data tracker,,N,N
71,2020-04-23,Clinical Characteristics of Hospitalized Covid-19 Patients in New York City,http://medrxiv.org/cgi/content/short/2020.04.19.20062117v1?rss=1,MedRxiv,,,,,,,,OR 1.22,0.93,1.6,0.14,Not Significant,Not Adjusted,Calculated,,Retrospective observational study,2199,"Mount Sinai Hospital located in East Harlem, Manhattan; Mount Sinai Morningside located in Morningside Heights, Manhattan; Mount Sinai West located in Midtown and the West Side, Manhattan; Mount Sinai Brooklyn located in Midwood, Brooklyn; and Mount Sinai Queens located in Astoria, Queens from Feb 27, 2020 to Apr 2, 2020",,N,Y
72,2020-04-23,Impaired type I interferon activity and exacerbated inflammatory responses in severe Covid-19 patients,https://www.medrxiv.org/content/10.1101/2020.04.19.20068015v1,medrxiv,OR 2.42,0.6,9.68,0.21,,,,,,,,,,,,Retrospective observational study,50,Fifty patients with diagnosis of COVID-19 according to WHO interim guidance and positive SARS-CoV-2 RT-PCR testing on a respiratory sample (nasopharyngeal swab or invasive respiratory sample),,N,N
73,2020-04-22,Impact of blood analysis and immune function on the prognosis of patients with COVID-19,http://doi.org/10.1101/2020.04.16.20067587,medRxiv,,,,,,,,OR 3.18,0.82,12.4,0.09,Not Significant,Not Adjusted,Calculated,,Retrospective observational study,85,COVID-19 pneumonia patients admitted to Third Batch of Chongqing Medical Aid Team from 4 February 2020 to 16 February 2020,,N,N
74,2020-04-21,Epidemiological Characteristics of Coronavirus Disease 2019 (COVID-19) Patients in IRAN: A single Center Study [Journal of Clinical Virology],https://doi.org/10.1016/j.jcv.2020.104378,Journal of Clinical Virology,,,,,,,,OR 1.45,1.08,1.96,0.01,Significant,Not Adjusted,Extracted,,Retrospective observational study,2968,"Baqiyatallah hospital from 19 February 2020, to 15 April 2020",,N,N
75,2020-04-20,"Epidemiology, clinical course, and outcomes of critically ill adults with COVID-19 in New York City: a prospective cohort study",http://doi.org/10.1101/2020.04.15.20067157,medRxiv,,,,,,,,HR 0.96,0.61,1.5,,Not Significant,Not Adjusted,Extracted,,Prospective observational study,257,"Columbia University Irving Medical Center (2 affiliated hospitals in Manhattan) from March 2nd to April 1st, 2020.",,N,N
76,2020-04-20,"Epidemiology, clinical course, and outcomes of critically ill adults with COVID-19 in New York City: a prospective cohort study",http://doi.org/10.1101/2020.04.15.20067157,,,,,,,,,AHR 1.35,0.8,2.25,,Not Significant,Adjusted,Extracted,"Age, gender, symptom duration prior to presentation, hypertension, cardiovascular disease, COPD and/or interstitial lung disease, chronic kidney disease, diabetes, BMI >= 35, IL-6, D-dimer",Prospective observational study,257,"Columbia University Irving Medical Center (2 affiliated hospitals in Manhattan) from March 2nd to April 1st, 2020.",,N,N
77,2020-04-19,Early prediction of mortality risk among severe COVID-19 patients using machine learning,https://doi.org/10.1101/2020.04.13.20064329,no data provided,,,,,,,,OR 2.83,1.47,5.42,<0.01,Significant,Not Adjusted,Calculated,,Retrospective observational study,256,"Severe COVID-19 patients only from Sino-French New City Branch of Tongji Hospital from Jan 28 to March 11, 2020",,N,N
78,2020-04-17,Well-aerated Lung on Admitting Chest CT to Predict Adverse Outcome in COVID-19 Pneumonia.,https://doi.org/10.1148/radiol.2020201433,Radiology,OR 0.91,0.51,1.65,0.76,,,,,,,,,,,,Retrospective observational study,236,"Italy, Emergency department admissions with CT results",,Y,N
79,2020-04-17,Clinical Characteristics of Covid-19 in New York City,doi.org/10.1056/nejmc2010419,New England Journal of Medicine,OR 1.94,1.24,3.04,<0.01,Significant,Not Adjusted,Calculated,,,,,,,,,Retrospective observational study,393,"2 hospitals in Manhattan from March 3 - March 27, 2020",,Y,N
80,2020-04-17,Association between ABO blood groups and clinical outcome of coronavirus disease 2019: Evidence from two cohorts,http://doi.org/10.1101/2020.04.15.20063107,medRxiv,OR 0.74,0.31,1.78,0.5,Not Significant,Not Adjusted,Calculated,OR 0.50,0.19,1.33,0.17,Not Significant,Not Adjusted,Calculated,"age, sex, and medical history",Retrospective observational study,234,"Patients with mild symptoms from Xi’an, Beijing, and Wuhan and patients who are critically ill from Xi'an and Wuhan (from a total of 5 hospitals), enrolled from February 5 to March 20, 2027",,Y,N
81,2020-04-17,The Characteristics of 50 Hospitalized COVID-19 Patients With and Without ARDS,https://www.ncbi.nlm.nih.gov/pmc/articles/PMC7171478/,Deutsches Arzeblatt International,OR 0.74,0.23,2.39,0.62,Not Significant,Not Adjusted,Calculated,,,,,,,,,Retrospective observational study,50,Aachen University Hospital during the period between February and March 2020,,Y,N
82,2020-04-16,Characteristics and outcomes of a cohort of SARS-CoV-2 patients in the Province of Reggio,https://doi.org/10.1101/2020.04.13.20063545,medRxiv,HR 1.4,1.2,1.6,,Significant,Not Adjusted,Extracted,HR 1.6,1.2,2.1,,Significant,Not Adjusted,Extracted,,Retrospective observational study,2653,"All symptomatic patients who tested positive in Reggio from February 27 to April 2, 2020.",,N,N
83,2020-04-16,Cardiovascular Diseases and COVID-19 Mortality and Intensive Care Unit Admission: A Systematic Review and Meta-analysis [medrxiv],https://doi.org/10.1101/2020.04.12.20062869,medRxiv,,,,,,,,OR 1.61,1.16,2.23,,Significant,Not Adjusted,Extracted,,Systematic review and meta-analysis,16 studies enrolling 3473 patients,"PubMed, Embase, Cochrane Library, Scopus, Web of Science as well as medRxiv pre-print database, Google Scholar and journal websites were searched",,Y,N
84,2020-04-16,Characteristics and outcomes of a cohort of SARS-CoV-2 patients in the Province of Reggio,http://doi.org/10.1101/2020.04.13.20063545,,,,,,,,,HR 1.6,1.2,2.1,,Significant,Not Adjusted,Extracted,,Retrospective observational study,2362,"All patients in Reggio Emilia, Italiy from Feb 27 to April 2, 2029",5/6/2020,N,N
85,2020-04-15,"Risk factors for disease severity, unimprovement, and mortality of COVID-19 patients in Wuhan, China [Clinical Microbiology and Infection]",https://www.clinicalmicrobiologyandinfection.com/article/S1198-743X(20)30217-2/pdf,Clinical Microbiology and Infection,OR 1.20,0.87,1.64,0.26,Not Significant,Not Adjusted,Calculated,OR 1.63,0.72,3.68,0.24,Not Significant,Not Adjusted,Calculated,,Retrospective observational study,663,"Renmin Hospital of Wuhan University from January 11th to February 6th, 2020",,N,N
86,2020-04-14,"Associations of clinical characteristics and antiviral drugs with viral RNA clearance in patients with COVID-19 in Guangzhou, China: a retrospective cohort study [medrxiv]",https://doi.org/10.1101/2020.04.09.20058941,medRxiv,OR 1.69,0.89,3.21,0.11,Not Significant,Not Adjusted,Calculated,,,,,,,,,Retrospective observational study,284,Guangzhou Eighth People’s Hospital between 20th January 2020 and 15th March 2020,,N,N
87,2020-04-14,Clinical characteristics and prognosis in cancer patients with COVID-19: A single center's retrospective study,https://doi.org/10.1016/j.jinf.2020.04.006,,OR 0.7,0.19,2.58,0.59,Not Significant,Not Adjusted,Calculated,,,,,,,,,Retrospective observational study,1380,"Renmin Hospital of Wuhan University from January 1, 2020 to March 30, 2020",,N,N
88,2020-04-13,"Suppressed T cell-mediated immunity in patients with COVID-19: a clinical retrospective study in Wuhan, China First Authors",doi.org/10.1016/j.jinf.2020.04.012,Journal of Infection,OR 2.20,1.16,4.17,0.02,Significant,Not Adjusted,Calculated,OR 1.52,0.66,3.52,0.33,Not Significant,Not Adjusted,Calculated,,Retrospective observational study,187,"Hubei Provincial Hospital of traditional Chinese and Western Medicine from Dec 26, 2019 to Mar 1,2020",,Y,N
89,2020-04-12,The clinical course and its correlated immune status in COVID-19 pneumonia,http://doi.org/10.1016/j.jcv.2020.104361,Journal of Clinical Virology,OR: 2.56,1.41,4.65,<0.01,Significant,Not Adjusted,Calculated,,,,,,,,,Retrospective observational study,204,"Renmin Hospital of Wuhan University between January 10.2020 and February 13,2020",,N,N
90,2020-04-12,Risk factors for severity and mortality in adult COVID-19 inpatients in Wuhan Risk factors for severity and mortality in adult COVID-19 1 inpatients in Wuhan,http://doi.org/10.1016/j.jaci.2020.04.006,Journal of Allergy and Clinical Immunology,AHR 1.72,1.05,2.82,0.02,Significant,Adjusted,Extracted,,,,,,,,,Retrospective observational study,548,"Sino-French New City Branch of Tongji Hospital, Huazhong University of Science and 161 Technology in Wuhan from January 26, 2020 to February 5, 2025",4/20/2020,N,N
91,2020-04-12,Risk factors for severity and mortality in adult COVID-19 inpatients in Wuhan Risk factors for severity and mortality in adult COVID-19 1 inpatients in Wuhan,http://doi.org/10.1016/j.jaci.2020.04.006,Journal of Allergy and Clinical Immunology,HR 1.96,1.24,3.11,<0.01,Significant,Not Adjusted,Extracted,,,,,,,,,Retrospective observational study,548,"Sino-French New City Branch of Tongji Hospital, Huazhong University of Science and 161 Technology in Wuhan from January 26, 2020 to February 5, 2024",,N,N
92,2020-04-12,The Use of Adjuvant Therapy in Preventing Progression to Severe Pneumonia in Patients with Coronavirus Disease 2019: A Multicenter Data Analysis,http://doi.org/10.1101/2020.04.08.20057541,medRxiv,AOR 1.05,1.03,1.07,<0.01,Significant,Adjusted,Extracted,,,,,,,,"Hypertension, AECI/ARB therapy",Retrospective observational study,564,"Third Xiangya Hospital of Central South University, Changsha Public Health Treatment Center, First Hospital of Yueyang, Junshan People’s Hospital of Yueyang, Central Hospital of Shaoyang, Central Hospital of Xiangtan, Second Hospital of Changde, Central Hospital of Loudi, and First Affiliated Hospital of University of South China from January 17, 2020 to February 28, 2020.",4/20/2020,N,N
93,2020-04-11,Blood glucose is a representative of the clustered indicators of multi-organ injury for predicting mortality of COVID-19 in Wuhan China,https://doi.org/10.1101/2020.04.08.20058040,medRxiv,OR 2.45,0.9,6.65,0.08,Not Significant,Not Adjusted,Calculated,,,,,,,,,Retrospective observational study,69,"Wuhan Union Hospital (Wuhan, China) and Beijing Tongren Hospital (Beijing, China) from January 5 29, 2020, to March 20, 2020",,Y,N
94,2020-04-11,"Factors associated with hospitalization and critical illness among 4,103 patients with",http://doi.org/10.1101/2020.04.08.20057794,medRxiv,OR 0.99,0.74,1.33,0.95,Not Significant,Not Adjusted,Extracted,,,,,,,,,Cross-sectional study,4103,"Single-center study in  New York City between March 1, 2020 and April 2, 2020, with follow up through April 7, 2027",4/21/2020,Y,N
95,2020-04-11,"Prediction of the clinical outcome of COVID-19 patients using T lymphocyte subsets with 340 cases from Wuhan, China: a retrospective cohort study and a web visualization tool",http://doi.org/10.1101/2020.04.06.20056127,medRxiv,,,,,,,,OR 0.74,0.34,1.59,0.44,Not Significant,Not Adjusted,Calculated,,Retrospective observational study,340,"Wuhan Pulmonary Hospital from January 31 to March 8, 2020",4/26/2020,N,Y
96,2020-04-11,Key to successful treatment of COVID-19: accurate identification of severe risks and early intervention of disease progression,http://doi.org/10.1101/2020.04.06.20054890,medRxiv,OR 2.22,0.89,5.54,0.09,Not Significant,Not Adjusted,Calculated,,,,,,,,,Retrospective observational study,97,"Fifth Affiliated Hospital of Sun Yat-sen University from January 17, 2020 to March 10, 2020",,N,N
97,2020-04-11,Blood glucose is a representative of the clustered indicators of multi-organ injury for predicting mortality of COVID-19 in Wuhan China,https://doi.org/10.1101/2020.04.08.20058040,medRxiv,OR 0.89,0.33,2.36,0.81,Not Significant,Not Adjusted,Calculated,,,,,,,,,Retrospective observational study,69,"Wuhan Union Hospital (Wuhan, China) and Beijing Tongren Hospital (Beijing, China) from January 5 29, 2020, to March 20, 2020",,N,N
98,2020-04-11,The Use of Adjuvant Therapy in Preventing Progression to Severe Pneumonia in Patients with Coronavirus Disease 2019: A Multicenter Data Analysis,http://doi.org/10.1101/2020.04.08.20057540,medRxiv,OR 1.06,1.04,1.08,<0.01,Significant,Not Adjusted,Extracted,,,,,,,,,Retrospective observational study,564,"Third Xiangya Hospital of Central South University, Changsha Public Health Treatment Center, First Hospital of Yueyang, Junshan People’s Hospital of Yueyang, Central Hospital of Shaoyang, Central Hospital of Xiangtan, Second Hospital of Changde, Central Hospital of Loudi, and First Affiliated Hospital of University of South China from January 17, 2020 to February 28, 2020.",4/20/2020,N,N
99,2020-04-10,Compassionate Use of Remdesivir for Patients with Severe Covid-19,doi.org/10.1056/NEJMoa2007016,New England Journal of Medicine,OR 1.78,0.5,6.37,0.38,,,,,,,,,,,,Prospective observational study,53,"patients who received remdesivir during the period from January 25, 2020, through March 7, 2020, and have clinical data for at least 1 subsequent day",,Y,N
