,Date,Study,Study Link,Journal,Severe,Severe lower bound,Severe upper bound,Severe p-value,Severe Significant,Severe Adjusted,Severe Calculated,Fatality,Fatality lower bound,Fatality upper bound,Fatality p-value,Fatality Significant,Fatality Adjusted,Fatality Calculated,Multivariate adjustment,Study Type,Sample Size,Study Population,Added on,Critical only,Discharged vs. death?
0,2020-06-03,Plasma albumin levels predict risk for nonsurvivors in critically ill patients with COVID-19,https://doi.org/10.2217/bmm-2020-0254,Biomarkers in medicine,OR 1.20,0.49,2.96,0.69,Not Significant,Not Adjusted,Calculated,,,,,,,,,Retrospective observational study,134,Central Hospital of Wuhan from 1 January to 20 February 2020,,Y,N
1,2020-05-22,Interim Analysis of Risk Factors for Severe Outcomes among a Cohort of Hospitalized Adults Identified through the U.S. Coronavirus Disease 2019 (COVID-19)-Associated Hospitalization Surveillance Network (COVID-NET),http://medrxiv.org/cgi/content/short/2020.05.18.20103390v1?rss=1,MedRxiv,RR 0.85,0.7,1.04,,Not Significant,Adjusted,Extracted,RR 1.25,1.04,1.5,,Significant,Adjusted,Extracted,"age, sex, race/ethnicity, smoker, hypertension, obesity, diabetes, chronic lung disease, cardiovascular disease, neurologic disease, renal disease, immunosuppression, hematologic disorders, and rheumatologic or autoimmune disease",Retrospective observational study,2490,"120 counties located in 14 states 113 (California, Colorado, Connecticut, Georgia, Iowa, Maryland, Michigan, Minnesota, New Mexico, New 114 York, Ohio, Oregon, Tennessee, and Utah)",,Y,N
2,2020-05-22,Interim Analysis of Risk Factors for Severe Outcomes among a Cohort of Hospitalized Adults Identified through the U.S. Coronavirus Disease 2019 (COVID-19)-Associated Hospitalization Surveillance Network (COVID-NET),http://medrxiv.org/cgi/content/short/2020.05.18.20103390v1?rss=1,MedRxiv,RR 0.88,0.76,1.03,,Not Significant,Not Adjusted,Extracted,RR 2.10,1.72,2.56,,Significant,Not Adjusted,Extracted,,Retrospective observational study,"2,490","119 counties located in 14 states 113 (California, Colorado, Connecticut, Georgia, Iowa, Maryland, Michigan, Minnesota, New Mexico, New 114 York, Ohio, Oregon, Tennessee, and Utah)",,Y,N
3,2020-05-07,OpenSAFELY: factors associated with COVID-19-related hospital death in the linked electronic health records of 17 million adult NHS patients.,http://medrxiv.org/cgi/content/short/2020.05.06.20092999v1?rss=1,MedRxiv,,,,,,,,AHR 2.46,2.19,2.76,,Significant,Adjusted,Extracted,"age, gender, obesity, smoking status, diabetes, cancer, hematological malignancy, asthma, chronic respiratory disease, heart disease, hypertension, chronic liver disease, stroke or dementia, other neurological disease, reduced kidney function, organ transplant, spleen disease, rheumatoid arthritis/lupus/psoriasis, immunosuppression",Retrospective observational study,"17,425,445","TPP general practice in England from February 1 to April 25, 2020.",,N,N
4,2020-04-17,Well-aerated Lung on Admitting Chest CT to Predict Adverse Outcome in COVID-19 Pneumonia.,https://doi.org/10.1148/radiol.2020201433,Radiology,OR 2.00,1.0,4.0,0.05,,,,,,,,,,,,Retrospective observational study,236,"Italy, Emergency department admissions with CT results",,Y,N
5,2020-04-03,"Preliminary Estimates of the Prevalence of Selected Underlying Health Conditions Among Patients with Coronavirus Disease 2019 — United States, February 12–March 28, 2020 [MMWR Morb Mortal Wkly Rep]",https://www.ncbi.nlm.nih.gov/pmc/articles/PMC7119513/,Morbidity and Mortality Weekly Report,OR 2.74,1.23,6.11,0.01,Significant,Not Adjusted,Calculated,,,,,,,,,Retrospective observational study,7162,"CDC passive surveillance registry as of March 28, 2026",,Y,N
6,2020-03-30,"Risk Factors Associated with Clinical Outcomes in 323 COVID-19 Patients in Wuhan, China",https://doi.org/10.1101/2020.03.25.20037721,medRxiv,,,,,,,,,,,,,,,,Retrospective observational study,323,"Tianyou Hospital from January 8 to February 20, 2020",4/10/2020,N,N
