,Date,Study,Study Link,Journal,Severe,Severe lower bound,Severe upper bound,Severe p-value,Severe Significant,Severe Adjusted,Severe Calculated,Fatality,Fatality lower bound,Fatality upper bound,Fatality p-value,Fatality Significant,Fatality Adjusted,Fatality Calculated,Multivariate adjustment,Study Type,Sample Size,Study Population,Added on,Critical only,Discharged vs. death?
0,2020-06-01,Characteristics and Outcomes of COVID-19 Patients in New York City's Public Hospital System,http://medrxiv.org/cgi/content/short/2020.05.29.20086645v1?rss=1,MedRxiv,,,,,,,,OR 0.90,0.77,1.05,0.2,Not Significant,Not Adjusted,Calculated,,Retrospective observational study,13442,"New York City Health and Hospital between March 5 and April 9, 2020",,N,N
1,2020-05-28,Obesity and COVID-19: an Italian snapshot,https://www.ncbi.nlm.nih.gov/pubmed/32463545/,Obesity,,,,,,,,OR: 0.26,0.01,5.2,0.38,Not Significant,Not Adjusted,Extracted,,Retrospective observational study,92,"92 patients stayed at least one day in the COVID-19 medical ward from March 23 to April 11, 2020",,N,N
2,2020-05-26,"Characteristics and predictors of hospitalization and death in the first 9,519 cases with a positive RT-PCR test for SARS-CoV-2 in Denmark: A nationwide cohort",http://medrxiv.org/cgi/content/short/2020.05.24.20111823v1?rss=1,MedRxiv,,,,,,,,AOR=1.5,1.1,2.1,,Significant,Adjusted,Extracted,Age; Sex,Retrospective observational study,9519,"Danish SARS-CoV-2 cohort from February 27th, 2020 to April 30th, 2020",,Y,N
3,2020-05-26,"Characteristics and predictors of hospitalization and death in the first 9,519 cases with a positive RT-PCR test for SARS-CoV-2 in Denmark: A nationwide cohort",http://medrxiv.org/cgi/content/short/2020.05.24.20111823v1?rss=1,MedRxiv,OR 0.99,0.68,1.44,0.95,Not Significant,Not Adjusted,Calculated,OR=1.2,0.9,1.6,,Not Significant,Not Adjusted,Extracted,,Retrospective observational study,9519,"Danish SARS-CoV-2 cohort from February 27th, 2020 to April 30th, 2020",,Y,N
4,2020-05-26,COVID-19: Impact of Obesity and Diabetes in Disease Severity,http://medrxiv.org/cgi/content/short/2020.05.24.20111724v1?rss=1,MedRxiv,AOR=1.91,0.94,3.84,0.07,Not Significant,Adjusted,Extracted,,,,,,,,Age; Gender; BMI; Hypertension,Retrospective observational study,1158,Jaber Al-Ahmad Al-Sabah Hospital in Kuwait from 24 February to 7 April 2020.,,Y,N
5,2020-05-26,COVID-19: Impact of Obesity and Diabetes in Disease Severity,http://medrxiv.org/cgi/content/short/2020.05.24.20111724v1?rss=1,MedRxiv,OR=2.45,1.26,4.74,<0.05,Significant,Not Adjusted,Extracted,,,,,,,,,Retrospective observational study,1158,Jaber Al-Ahmad Al-Sabah Hospital in Kuwait from 24 February to 7 April 2020.,,Y,N
6,2020-05-23,Morbid Obesity as an Independent Risk Factor for COVID-19 Mortality in Hospitalized Patients Younger than 50.,https://doi.org/10.1002/oby.22913,Obesity,,,,,,,,AOR 1.1,0.9,1.3,0.42,Not Significant,Adjusted,Extracted,"age decile, male sex, CAD, CHF, HTN, DM, hyperlipidemia, CKD, history of cancer, smoking (past or present), BMI 30 - 40 kg/m2, BMI  40 kg/m2 and race",Retrospective observational study,2834,"Age > 50, New York City between March 1st and May 17th, 2020",,N,Y
7,2020-05-23,Morbid Obesity as an Independent Risk Factor for COVID-19 Mortality in Hospitalized Patients Younger than 50.,https://doi.org/10.1002/oby.22913,Obesity,,,,,,,,AOR 1.1,0.5,2.3,0.76,Not Significant,Adjusted,Extracted,"age decile, male sex, CAD, CHF, HTN, DM, hyperlipidemia, CKD, history of cancer, smoking (past or present), BMI 30 - 40 kg/m2, BMI  40 kg/m2 and race",Retrospective observational study,572,"Age < 50, New York City between March 1st and May 17th, 2020",,N,Y
8,2020-05-22,Interim Analysis of Risk Factors for Severe Outcomes among a Cohort of Hospitalized Adults Identified through the U.S. Coronavirus Disease 2019 (COVID-19)-Associated Hospitalization Surveillance Network (COVID-NET),http://medrxiv.org/cgi/content/short/2020.05.18.20103390v1?rss=1,MedRxiv,RR 1.25,1.14,1.37,,Significant,Not Adjusted,Extracted,RR 0.73,0.61,0.86,,Significant,Not Adjusted,Extracted,,Retrospective observational study,2490,"111 counties located in 14 states 113 (California, Colorado, Connecticut, Georgia, Iowa, Maryland, Michigan, Minnesota, New Mexico, New 114 York, Ohio, Oregon, Tennessee, and Utah)",,Y,N
9,2020-05-22,Interim Analysis of Risk Factors for Severe Outcomes among a Cohort of Hospitalized Adults Identified through the U.S. Coronavirus Disease 2019 (COVID-19)-Associated Hospitalization Surveillance Network (COVID-NET),http://medrxiv.org/cgi/content/short/2020.05.18.20103390v1?rss=1,MedRxiv,RR 1.31,1.16,1.47,,Significant,Adjusted,Extracted,RR 1.09,0.92,1.3,,Not Significant,Adjusted,Extracted,"age, sex, race/ethnicity, smoker, hypertension, obesity, diabetes, chronic lung disease, cardiovascular disease, neurologic disease, renal disease, immunosuppression, hematologic disorders, and rheumatologic or autoimmune disease",Retrospective observational study,2490,"112 counties located in 14 states 113 (California, Colorado, Connecticut, Georgia, Iowa, Maryland, Michigan, Minnesota, New Mexico, New 114 York, Ohio, Oregon, Tennessee, and Utah)",,Y,N
10,2020-05-22,Features of 20 133 UK patients in hospital with covid-19 using the ISARIC WHO Clinical Characterisation Protocol: prospective observational cohort study.,https://doi.org/10.1136/bmj.m1985,BMJ,,,,,,,,HR=1.33,1.19,1.49,<0.05,Significant,Adjusted,Extracted,Age; Sex: Major Comorbidity,Prospective observational study,20133,"208 acute care hospitals in England, Wales, and Scotland between 6 February and 19 April 2020",,N,N
11,2020-05-22,Factors associated with hospital admission and critical illness among 5279 people with coronavirus disease 2019 in New York City: prospective cohort study,https://doi.org/10.1136/bmj.m1966,BMJ,AOR=0.94,0.73,1.2,0.65,Not Significant,Adjusted,Extracted,AHR=1.01,0.82,1.25,0.94,Not Significant,Adjusted,Extracted,Vital signs; Laboratory results,Retrospective observational study,990,"NYU Langone Health between March 1, 2020 to April 8, 2020",,Y,N
12,2020-05-22,Factors associated with hospital admission and critical illness among 5279 people with coronavirus disease 2019 in New York City: prospective cohort study,https://doi.org/10.1136/bmj.m1966,BMJ,AOR=1.11,0.85,1.5,0.44,Not Significant,Adjusted,Extracted,AHR=1.08,0.87,1.36,0.48,Not Significant,Adjusted,Extracted,Vital signs; Laboratory results,Retrospective observational study,990,"NYU Langone Health between March 1, 2020 to April 8, 2020",,Y,N
13,2020-05-22,Factors associated with hospital admission and critical illness among 5279 people with coronavirus disease 2019 in New York City: prospective cohort study,https://doi.org/10.1136/bmj.m1966,BMJ,AOR=1.71,1.1,2.7,<0.05,Significant,Adjusted,Extracted,AHR=1.45,0.99,2.13,0.05,Not Significant,Adjusted,Extracted,Vital signs; Laboratory results,Retrospective observational study,990,"NYU Langone Health between March 1, 2020 to April 8, 2020",,Y,N
14,2020-05-19,Factors Associated With Intubation and Prolonged Intubation in Hospitalized Patients With COVID-19,https://www.ncbi.nlm.nih.gov/pubmed/32423368/,Otolaryngol Head Neck Surg,AOR=1.46,0.87,2.46,0.15,Not Significant,Adjusted,Extracted,,,,,,,,Age; Sex; Race and Ethnicity; Hospital; BMI; Respiratory rate; Temperature; Oxygen Saturation; Pulse; Diabetes; Shortness of breath,Retrospective observational study,486,"Ten hospitals in the Chicago metropolitan area from March 1, 2020 to April 8, 2020",,Y,N
15,2020-05-19,"Epidemiology, clinical course, and outcomes of critically ill adults with COVID-19 in New York City: a prospective cohort study",https://www.sciencedirect.com/science/article/pii/S0140673620311892,Lancet,,,,,,,,HR=0.76,0.4,1.47,,Not Significant,Not Adjusted,Extracted,,Prospective observational study,257,"NewYork-Presbyterian hospitals Milstein Hospital and Allen Hospital from March 2, 2020 to April 1, 2020",,N,N
16,2020-05-16,"Severe obesity is associated with higher in-hospital mortality in a cohort of patients with COVID-19 in the Bronx, New York",https://www.ncbi.nlm.nih.gov/pubmed/32422233/,Metabolism,AOR=3.19,1.42,7.17,<0.05,Significant,Adjusted,Extracted,AOR=3.35,1.43,7.87,<0.05,Significant,Adjusted,Extracted,Age (quartiles); BMI<25; BMI>35,Retrospective observational study,200,"Montefiore Medical Center in the Bronx, New York admission from March 9, 2020 to March 22, 2020 (followed up through April 12, 2020)",,Y,N
17,2020-05-16,"Severe obesity is associated with higher in-hospital mortality in a cohort of patients with COVID-19 in the Bronx, New York",https://www.ncbi.nlm.nih.gov/pubmed/32422233/,Metabolism,AOR=3.87,1.47,10.18,<0.05,Significant,Adjusted,Extracted,AOR=3.78,1.45,9.83,<0.05,Significant,Adjusted,Extracted,Sex; Age (quartiles); BMI<25; BMI>35 (additionally for mortality: Heart failure; CAD; CKD or ESRD; COPD; Diabetes; Current/former smoker),Retrospective observational study,200,"Montefiore Medical Center in the Bronx, New York admission from March 9, 2020 to March 22, 2020 (followed up through April 12, 2020)",,Y,N
18,2020-05-16,"Severe obesity is associated with higher in-hospital mortality in a cohort of patients with COVID-19 in the Bronx, New York",https://www.ncbi.nlm.nih.gov/pubmed/32422233/,Metabolism,AOR=4.06,1.72,9.57,<0.05,Significant,Adjusted,Extracted,AOR=3.94,1.56,9.92,<0.05,Significant,Adjusted,Extracted,Sex; Age (quartiles); BMI<25; BMI>35 (additionally for mortality: Heart failure; CAD; CKD or ESRD; COPD),Retrospective observational study,200,"Montefiore Medical Center in the Bronx, New York admission from March 9, 2020 to March 22, 2020 (followed up through April 12, 2020)",,Y,N
19,2020-05-16,"Severe obesity is associated with higher in-hospital mortality in a cohort of patients with COVID-19 in the Bronx, New York",https://www.ncbi.nlm.nih.gov/pubmed/32422233/,Metabolism,OR=2.72,1.24,5.96,<0.05,Significant,Not Adjusted,Extracted,OR=2.56,1.18,5.57,<0.05,Significant,Not Adjusted,Extracted,,Retrospective observational study,200,"Montefiore Medical Center in the Bronx, New York admission from March 9, 2020 to March 22, 2020 (followed up through April 12, 2020)",,Y,N
20,2020-05-15,Pharmacological characteristics of patients infected with SARS-Cov-2 admitted to Intensive Care Unit in South of France,https://www.sciencedirect.com/science/article/pii/S0040595720300949?v=s5,Therapies,OR 2.55,0.92,7.06,0.07,Not Significant,Not Adjusted,Calculated,,,,,,,,,Case series,96,"Toulouse University Hospital in France between March 10, 2020 and April 21, 2020",,Y,N
21,2020-05-14,"Obesity and COVID-19 Severity in a Designated Hospital in Shenzhen, China",https://doi.org/10.2337/dc20-0576,Diabetes care,OR 2.14,1.33,3.45,0,,,,,,,,,,,,Retrospective observational study,383,"Third People’s Hospital of Shenzhen, from 11 January 2020 to 16 February 2020 (followed until 26 March 2020)",,N,N
22,2020-05-14,Early estimation of the risk factors for hospitalisation and mortality by COVID-19 in Mexico,http://medrxiv.org/cgi/content/short/2020.05.11.20098145v1?rss=1,MedRxiv,,,,,,,,OR 1.51,2.03,0.0,,Significant,Not Adjusted,Calculated,,Retrospective observational study,9946,"Epidemiological Surveillance System for Viral Respiratory Diseases of the Mexican Ministry of Health (Secretaría de Salud, SS) on April 23rd, 2020",,N,N
23,2020-05-14,Characteristics and outcomes of patients hospitalized for COVID-19 and cardiac disease in Northern Italy,https://www.ncbi.nlm.nih.gov/pubmed/32383763/,Eur Heart J,,,,,,,Obesity,OR 1.16,0.32,4.23,0.82,Not Significant,Not Adjusted,Calculated,,Retrospective observational study,99,"Civil Hospitals of Brescia, Lombardy, Italy, between 4 March and 25 March 2020",,N,N
24,2020-05-13,"Epidemiological and clinical characteristics of 333 confirmed cases with coronavirus disease 2019 in Shanghai, China",https://www.ncbi.nlm.nih.gov/pubmed/32351037/,Transbound Emerg Dis,OR 1.83,0.81,4.12,0.14,Not Significant,Not Adjusted,Calculated,,,,,,,,,Retrospective observational study,333,"Center for Disease Control and Prevention in Shanghai as of February 19, 2020",,N,N
25,2020-05-08,"Clinical findings of patients with coronavirus disease 2019 in Jiangsu province, China: A retrospective, multi-center study.",https://doi.org/10.1371/journal.pntd.0008280,PLoS neglected tropical diseases,AOR=9.22,2.73,31.13,<0.05,Significant,Adjusted,Extracted,,,,,,,,Obesity; Type 2 Diabetes,Retrospective observational study,202,"Affiliated Hospital of Xuzhou Medical University [27 cases]; The Affiliated Hospital of Kangda College of Nanjing Medical University, The First People’s Hospital of Lianyungang [11 cases]; Infectious Disease Hospital of Suqian [11 cases]; Huai’an No. 4 People’s Hospital [41 cases]; Yancheng Second People’s Hospital [12 cases]; The Third People’s Hospital of Yangzhou [15 cases]; The Third People’s Hospital of Changzhou [28 cases] and The Affiliated Infectious Diseases Hospital of Soochow University [57 cases] from January 22, 2020 to February 10, 2020",,N,N
26,2020-05-08,"Clinical findings of patients with coronavirus disease 2019 in Jiangsu province, China: A retrospective, multi-center study.",https://doi.org/10.1371/journal.pntd.0008280,PLoS neglected tropical diseases,OR=6.90,2.38,20.0,<0.05,Significant,Not Adjusted,Extracted,,,,,,,,,Retrospective observational study,202,"Affiliated Hospital of Xuzhou Medical University [27 cases]; The Affiliated Hospital of Kangda College of Nanjing Medical University, The First People’s Hospital of Lianyungang [11 cases]; Infectious Disease Hospital of Suqian [11 cases]; Huai’an No. 4 People’s Hospital [41 cases]; Yancheng Second People’s Hospital [12 cases]; The Third People’s Hospital of Yangzhou [15 cases]; The Third People’s Hospital of Changzhou [28 cases] and The Affiliated Infectious Diseases Hospital of Soochow University [57 cases] from January 22, 2020 to February 10, 2020",,N,N
27,2020-05-07,OpenSAFELY: factors associated with COVID-19-related hospital death in the linked electronic health records of 17 million adult NHS patients.,http://medrxiv.org/cgi/content/short/2020.05.06.20092999v1?rss=1,MedRxiv,,,,,,,,AHR 1.27,1.18,1.36,,Significant,Adjusted,Extracted,"age, gender, obesity, smoking status, diabetes, cancer, hematological malignancy, asthma, chronic respiratory disease, heart disease, hypertension, chronic liver disease, stroke or dementia, other neurological disease, reduced kidney function, organ transplant, spleen disease, rheumatoid arthritis/lupus/psoriasis, immunosuppression",Retrospective observational study,"17,425,445","TPP general practice in England from February 1 to April 25, 2020.",,N,N
28,2020-05-01,"Lung disease severity, Coronary Artery Calcium, Coronary inflammation and Mortality in Coronavirus Disease 2026",http://doi.org/10.1101/2020.05.01.20087126,medrxiv,,,,,,,,AOR 2.55,1.03,6.33,<0.01,Significant,Adjusted,Extracted,"Age, Obesity, D-Dimer, CRP",Retrospective observational study,279,"Parma 12 University Hospital, Parma, Italy from Mar 05, 2020 to Mar 15, 2020",,N,Y
29,2020-05-01,"Lung disease severity, Coronary Artery Calcium, Coronary inflammation and Mortality in Coronavirus Disease 2026",http://doi.org/10.1101/2020.05.01.20087125,medrxiv,,,,,,,,OR 2.08,0.96,4.51,0.07,Not Significant,Not Adjusted,Extracted,,Retrospective observational study,279,"Parma 12 University Hospital, Parma, Italy from Mar 05, 2020 to Mar 15, 2020",,N,Y
30,2020-05-06,30-day mortality in patients hospitalized with COVID-19 during the first wave of the Italian epidemic: a prospective cohort study,https://doi.org/10.1101/2020.05.02.20088336,MedRxiv,,,,,,,,OR 2.38,1.11,5.1,0.03,Significant,Not Adjusted,Calculated,,Prospective observational study,233,"Luigi Sacco Hospital in Milan, Italy, between 21 February (the day the first patients were hospitalised) to 19 March 2020; the observation of the cohort was censored on 20 April 2020",,N,N
31,2020-05-05,Pre-Existing Characteristics Associated with Covid-19 Illness Severity,https://doi.org/10.1101/2020.04.29.20084533,MedRxiv,AOR 1.95,1.11,3.42,<0.05,Significant,Adjusted,Extracted,,,,,,,,"Age, Gender, African American race, Hispanic ethnicity, Obesity, Hypertension, Diabetes Mellitus, Elixhauser comorbidity score, Prior myocardial infarcion or heart failure, Prior COPD or asthma, ACE inhibitor use, Angiotensin receptor blocker use",Retrospective observational study,442,"Cedars-Sinai Health System includes Cedars-Sinai Medical Center (CSMC), Marina Del Rey Hospital (MDRH), and affiliated clinics from Feb 26, 2020 to Mar 21, 2020",,Y,N
32,2020-05-05,Pre-Existing Characteristics Associated with Covid-19 Illness Severity,https://doi.org/10.1101/2020.04.29.20084533,MedRxiv,AOR 1.96,1.19,3.24,<0.05,Significant,Adjusted,Extracted,,,,,,,,"Age, Gender",Retrospective observational study,442,"Cedars-Sinai Health System includes Cedars-Sinai Medical Center (CSMC), Marina Del Rey Hospital (MDRH), and affiliated clinics from Feb 26, 2020 to Mar 21, 2020",,Y,N
33,2020-05-04,Analysis of hospitalized COVID-19 patients in the Mount Sinai Health System using electronic medical records (EMR) reveals important prognostic factors for improved clinical outcomes,https://doi.org/10.1101/2020.04.28.20075788,MedRxiv,,,,,,,,OR 0.68,1.26,0.63,,Not Significant,Not Adjusted,Calculated,,Retrospective observational study,3273,Mount Sinai Health System from 2/24/2020 to 4/15/2020,,N,N
34,2020-04-30,Association of Obesity with Disease Severity among Patients with COVIDâ€19,https://doi.org/10.1002/oby.22859,Obesity (Silver Spring),AOR=2.14,0.58,7.88,0.25,Not Significant,Adjusted,Extracted,,,,,,,,Age; Race; Gender,Retrospective observational study,103,"Rhode Island Hospital, The Miriam Hospital, or Newport Hospital, in Rhode Island, USA, between February 17th and April 5th, 2020",,Y,N
35,2020-04-30,Association of Obesity with Disease Severity among Patients with COVIDâ€19,https://doi.org/10.1002/oby.22859,Obesity (Silver Spring),AOR=2.27,0.59,8.83,0.24,Not Significant,Adjusted,Extracted,,,,,,,,Age; Race; Gender; BMI; Diabetes; Hypertension; Heart disease; Lung disease,Retrospective observational study,103,"Rhode Island Hospital, The Miriam Hospital, or Newport Hospital, in Rhode Island, USA, between February 17th and April 5th, 2020",,Y,N
36,2020-04-30,Association of Obesity with Disease Severity among Patients with COVIDâ€19,https://doi.org/10.1002/oby.22859,Obesity (Silver Spring),AOR=2.56,0.64,10.1,0.1,Not Significant,Adjusted,Extracted,,,,,,,,Age; Race; Gender,Retrospective observational study,103,"Rhode Island Hospital, The Miriam Hospital, or Newport Hospital, in Rhode Island, USA, between February 17th and April 5th, 2020",,Y,N
37,2020-04-30,Association of Obesity with Disease Severity among Patients with COVIDâ€19,https://doi.org/10.1002/oby.22859,Obesity (Silver Spring),AOR=2.65,0.64,10.95,0.18,Not Significant,Adjusted,Extracted,,,,,,,,Age; Race; Gender; BMI; Diabetes; Hypertension; Heart disease; Lung disease,Retrospective observational study,103,"Rhode Island Hospital, The Miriam Hospital, or Newport Hospital, in Rhode Island, USA, between February 17th and April 5th, 2020",,Y,N
38,2020-04-30,Association of Obesity with Disease Severity among Patients with COVIDâ€19,https://doi.org/10.1002/oby.22859,Obesity (Silver Spring),AOR=5.39,1.13,25.64,<0.05,Significant,Adjusted,Extracted,,,,,,,,Age; Race; Gender; BMI; Diabetes; Hypertension; Heart disease; Lung disease,Retrospective observational study,103,"Rhode Island Hospital, The Miriam Hospital, or Newport Hospital, in Rhode Island, USA, between February 17th and April 5th, 2020",,Y,N
39,2020-04-30,Association of Obesity with Disease Severity among Patients with COVIDâ€19,https://doi.org/10.1002/oby.22859,Obesity (Silver Spring),AOR=6.16,1.42,26.66,<0.05,Significant,Adjusted,Extracted,,,,,,,,Age; Race; Gender,Retrospective observational study,103,"Rhode Island Hospital, The Miriam Hospital, or Newport Hospital, in Rhode Island, USA, between February 17th and April 5th, 2020",,Y,N
40,2020-04-30,Association of Obesity with Disease Severity among Patients with COVIDâ€19,https://doi.org/10.1002/oby.22859,Obesity (Silver Spring),OR=1.87,0.55,6.35,0.32,Not Significant,Not Adjusted,Extracted,,,,,,,,,Retrospective observational study,103,"Rhode Island Hospital, The Miriam Hospital, or Newport Hospital, in Rhode Island, USA, between February 17th and April 5th, 2020",,Y,N
41,2020-04-30,Association of Obesity with Disease Severity among Patients with COVIDâ€19,https://doi.org/10.1002/oby.22859,Obesity (Silver Spring),OR=2.80,0.75,10.48,0.13,Not Significant,Not Adjusted,Extracted,,,,,,,,,Retrospective observational study,103,"Rhode Island Hospital, The Miriam Hospital, or Newport Hospital, in Rhode Island, USA, between February 17th and April 5th, 2020",,Y,N
42,2020-04-30,Association of Obesity with Disease Severity among Patients with COVIDâ€19,https://doi.org/10.1002/oby.22859,Obesity (Silver Spring),OR=3.02,0.85,10.74,0.09,Not Significant,Not Adjusted,Extracted,,,,,,,,,Retrospective observational study,103,"Rhode Island Hospital, The Miriam Hospital, or Newport Hospital, in Rhode Island, USA, between February 17th and April 5th, 2020",,Y,N
43,2020-04-29,"Key predictors of attending hospital with COVID19: An association study from the COVID Symptom Tracker App in 2,618,948 individuals",https://doi.org/10.1101/2020.04.25.20079251,medrxiv,OR 1.33,1.04,1.7,,,,,,,,,,,,,Retrospective observational study,2618948,"UK and US-based COVID Symptom Tracker App users (through April 21, 2020)",,Y,N
44,2020-04-20,"Epidemiology, clinical course, and outcomes of critically ill adults with COVID-19 in New York City: a prospective cohort study",http://doi.org/10.1101/2020.04.15.20067157,medRxiv,,,,,,,,HR 0.74,0.43,1.27,,Not Significant,Not Adjusted,Extracted,,Prospective observational study,257,"Columbia University Irving Medical Center (2 affiliated hospitals in Manhattan) from March 2nd to April 1st, 2020.",,N,N
45,2020-04-20,"Epidemiology, clinical course, and outcomes of critically ill adults with COVID-19 in New York City: a prospective cohort study",http://doi.org/10.1101/2020.04.15.20067157,,,,,,,,,AHR 0.94,0.55,1.77,,Not Significant,Adjusted,Extracted,"Age, gender, symptom duration prior to presentation, hypertension, cardiovascular disease, COPD and/or interstitial lung disease, chronic kidney disease, diabetes, BMI >= 35, IL-6, D-dimer",Prospective observational study,257,"Columbia University Irving Medical Center (2 affiliated hospitals in Manhattan) from March 2nd to April 1st, 2020.",,N,N
46,2020-04-19,Obesity as a risk factor for greater severity of COVID-19 in patients with metabolic associated fatty liver disease,https://doi.org/10.1016/j.metabol.2020.154244,Metabolism,OR 5.77,1.19,27.91,0.03,Significant,Not Adjusted,Extracted,,,,,,,,,Retrospective observational study,66,Adult laboratory-confirmed COVID-19 patients between ages 18 and 75 admitted to three hospitals in Wenzhou.,,N,N
47,2020-04-19,Obesity as a risk factor for greater severity of COVID-19 in patients with metabolic associated fatty liver disease,https://doi.org/10.1016/j.metabol.2020.154244,Metabolism,AOR 6.25,1.23,31.71,0.03,Significant,Adjusted,Extracted,,,,,,,,"Age, gender",Retrospective observational study,66,Adult laboratory-confirmed COVID-19 patients between ages 18 and 75 admitted to three hospitals in Wenzhou.,,N,N
48,2020-04-19,Obesity as a risk factor for greater severity of COVID-19 in patients with metabolic associated fatty liver disease,https://doi.org/10.1016/j.metabol.2020.154244,Metabolism,AOR 6.32,1.16,34.54,0.03,Significant,Adjusted,Extracted,,,,,,,,"Age, gender, smoking status, type 2 diabetes, hypertension, dyslipidemia",Retrospective observational study,66,Adult laboratory-confirmed COVID-19 patients between ages 18 and 75 admitted to three hospitals in Wenzhou.,,N,N
49,2020-04-17,Clinical Characteristics of Covid-19 in New York City,doi.org/10.1056/nejmc2010419,New England Journal of Medicine,OR 1.64,1.06,2.54,0.03,Significant,Not Adjusted,Calculated,,,,,,,,,Retrospective observational study,393,"2 hospitals in Manhattan from March 3 - March 27, 2020",,Y,N
50,2020-04-17,The Characteristics of 50 Hospitalized COVID-19 Patients With and Without ARDS,https://www.ncbi.nlm.nih.gov/pmc/articles/PMC7171478/,Deutsches Arzeblatt International,OR 2.82,0.84,9.51,0.09,Not Significant,Not Adjusted,Calculated,,,,,,,,,Retrospective observational study,50,Aachen University Hospital during the period between February and March 2020,,Y,N
51,2020-04-16,Characteristics and outcomes of a cohort of SARS-CoV-2 patients in the Province of Reggio,https://doi.org/10.1101/2020.04.13.20063545,medRxiv,HR 1.4,0.9,2.0,,Not Significant,Not Adjusted,Extracted,HR 1.3,0.6,2.9,,Not Significant,Not Adjusted,Extracted,,Retrospective observational study,2653,"All symptomatic patients who tested positive in Reggio from February 27 to April 2, 2020.",,N,N
52,2020-04-16,Characteristics and outcomes of a cohort of SARS-CoV-2 patients in the Province of Reggio,http://doi.org/10.1101/2020.04.13.20063545,,,,,,,,,HR 1.3,0.6,2.9,,Significant,Adjusted,Extracted,Age and gender,Retrospective observational study,2362,"All patients in Reggio Emilia, Italiy from Feb 27 to April 2, 2027",5/6/2020,N,N
53,2020-04-11,"Factors associated with hospitalization and critical illness among 4,103 patients with",http://doi.org/10.1101/2020.04.08.20057794,medRxiv,OR 1.38,1.03,1.85,0.03,Significant,Not Adjusted,Extracted,,,,,,,,,Cross-sectional study,4103,"Single-center study in  New York City between March 1, 2020 and April 2, 2020, with follow up through April 7, 2020",4/21/2020,Y,N
54,2020-04-10,Neutrophil-to-lymphocyte ratio as an independent risk factor for mortality in hospitalized patients with COVID-19,https://doi.org/10.1016/j.jinf.2020.04.002,Journal of Infection,,,,,,,,OR 1.15,1.01,1.3,<0.05,Significant,Not Adjusted,Extracted,,Retrospective observational study,245,"Zhongnan Hospital of Wuhan University from January 1 to February 29, 2020",,N,N
55,2020-04-09,Obesity in patients younger than 60 years is a risk factor for Covid-19 hospital admission,https://www.ncbi.nlm.nih.gov/pmc/articles/PMC7184372/,Clinical Infectious Diseases,OR 1.1,0.8,1.7,0.57,Not Significant,Adjusted,Extracted,,,,,,,,Age,Retrospective observational study,3615,"Age > 60 years, March 3-April 4, 2020",,Y,N
56,2020-04-09,Obesity in patients younger than 60 years is a risk factor for Covid-19 hospital admission,https://www.ncbi.nlm.nih.gov/pmc/articles/PMC7184372/,Clinical Infectious Diseases,OR 1.8,1.2,2.7,<0.01,Significant,Adjusted,Extracted,,,,,,,,Age,Retrospective observational study,3615,"Age < 60 years, March 3-April 4, 2020",,Y,N
57,2020-04-09,High prevalence of obesity in severe acute respiratory syndrome coronavirus-2 (SARS-CoV-2) requiring invasive mechanical ventilation,https://doi.org/10.1002/oby.22831,Obesity (Silver Spring),AOR=1.69,0.52,5.48,0.22,Not Significant,Adjusted,Extracted,,,,,,,,Age; Male; Diabetes; Hypertension; Dyslipidemia; BMI,Retrospective observational study,124,"Roger Salengro Hospital, at ""Centre Hospitalier Universitaire de  Lille”  (CHU  Lille,  France),  between  February  27th  and  April  5th,  2020",,Y,N
58,2020-04-09,High prevalence of obesity in severe acute respiratory syndrome coronavirus-2 (SARS-CoV-2) requiring invasive mechanical ventilation,https://doi.org/10.1002/oby.22831,Obesity (Silver Spring),AOR=3.45,0.83,14.31,0.48,Not Significant,Adjusted,Extracted,,,,,,,,Age; Male; Diabetes; Hypertension; Dyslipidemia; BMI,Retrospective observational study,124,"Roger Salengro Hospital, at ""Centre Hospitalier Universitaire de  Lille”  (CHU  Lille,  France),  between  February  27th  and  April  5th,  2020",,Y,N
59,2020-04-09,High prevalence of obesity in severe acute respiratory syndrome coronavirus-2 (SARS-CoV-2) requiring invasive mechanical ventilation,https://doi.org/10.1002/oby.22831,Obesity (Silver Spring),AOR=7.36,1.63,33.14,<0.05,Significant,Adjusted,Extracted,,,,,,,,Age; Male; Diabetes; Hypertension; Dyslipidemia; BMI,Retrospective observational study,124,"Roger Salengro Hospital, at ""Centre Hospitalier Universitaire de  Lille”  (CHU  Lille,  France),  between  February  27th  and  April  5th,  2020",,Y,N
60,2020-04-09,High prevalence of obesity in severe acute respiratory syndrome coronavirus-2 (SARS-CoV-2) requiring invasive mechanical ventilation,https://doi.org/10.1002/oby.22831,Obesity (Silver Spring),OR=1.72,0.56,5.23,0.22,Not Significant,Not Adjusted,Extracted,,,,,,,,,Retrospective observational study,124,"Roger Salengro Hospital, at ""Centre Hospitalier Universitaire de  Lille”  (CHU  Lille,  France),  between  February  27th  and  April  5th,  2020",,Y,N
61,2020-04-09,High prevalence of obesity in severe acute respiratory syndrome coronavirus-2 (SARS-CoV-2) requiring invasive mechanical ventilation,https://doi.org/10.1002/oby.22831,Obesity (Silver Spring),OR=3.38,0.9,12.72,0.45,Not Significant,Not Adjusted,Extracted,,,,,,,,,Retrospective observational study,124,"Roger Salengro Hospital, at ""Centre Hospitalier Universitaire de  Lille”  (CHU  Lille,  France),  between  February  27th  and  April  5th,  2020",,Y,N
62,2020-04-09,High prevalence of obesity in severe acute respiratory syndrome coronavirus-2 (SARS-CoV-2) requiring invasive mechanical ventilation,https://doi.org/10.1002/oby.22831,Obesity (Silver Spring),OR=6.75,1.76,25.85,<0.05,Significant,Not Adjusted,Extracted,,,,,,,,,Retrospective observational study,124,"Roger Salengro Hospital, at ""Centre Hospitalier Universitaire de  Lille”  (CHU  Lille,  France),  between  February  27th  and  April  5th,  2020",,Y,N
63,2020-03-30,"Suspected myocardial injury in patients with COVID-19: Evidence from front-line clinical observation in Wuhan, China",https://doi.org/10.1016/j.ijcard.2020.03.087,International Journal of Cardiology,OR 1.77,0.79,3.96,0.17,Not Significant,Not Adjusted,Calculated,,,,,,,,,Retrospective observational study,112,"Renmin Hospital of Wuhan Univeristy from  January 6 to February 20, 2020",,N,N
64,2020-03-30,"Risk Factors Associated with Clinical Outcomes in 323 COVID-19 Patients in Wuhan, China",https://doi.org/10.1101/2020.03.25.20037721,medRxiv,OR 3.6,1.15,11.26,0.01,Significant,Not Adjusted,Extracted,,,,,,,,,Retrospective observational study,323,"Tianyou Hospital from January 8 to February 20, 2020",4/12/2020,N,N
65,2020-03-03,Epidemiological and clinical features of 2019-nCoV acute respiratory disease cases in Chongqing municipality China: a retrospective descriptive multiple-center study,https://doi.org/10.1101/2020.03.01.20029397,medRxiv,OR 4.89,2.19,10.87,<.01,Significant,Not Adjusted,Calculated,,,,,,,,,Retrospective observational study,267,"Qianjiang central hospital of Chongqing, Chongqing three gorges central hospital and Chongqing public health medical center from January 19 to February 16, 2026",,N,N
