,Date,Study,Study Link,Journal,Severe,Severe lower bound,Severe upper bound,Severe p-value,Severe Significant,Severe Adjusted,Severe Calculated,Fatality,Fatality lower bound,Fatality upper bound,Fatality p-value,Fatality Significant,Fatality Adjusted,Fatality Calculated,Multivariate adjustment,Study Type,Sample Size,Study Population,Added on,Critical only,Discharged vs. death?
0,2020-05-23,Morbid Obesity as an Independent Risk Factor for COVID-19 Mortality in Hospitalized Patients Younger than 50.,https://doi.org/10.1002/oby.22913,Obesity,,,,,,,,OR 0.62,0.89,0.0,,Significant,Not Adjusted,Calculated,,Retrospective observational study,572,"Age < 50, New York City between March 1st and May 17th, 2020",,N,Y
1,2020-05-23,Morbid Obesity as an Independent Risk Factor for COVID-19 Mortality in Hospitalized Patients Younger than 50.,https://doi.org/10.1002/oby.22913,Obesity,,,,,,,,OR 0.88,6.03,0.09,,Not Significant,Not Adjusted,Calculated,,Retrospective observational study,2834,"Age > 50, New York City between March 1st and May 17th, 2020",,N,Y
2,2020-05-22,Factors associated with hospital admission and critical illness among 5279 people with coronavirus disease 2019 in New York City: prospective cohort study,https://doi.org/10.1136/bmj.m1966,BMJ,AOR=1.24,0.86,1.8,0.7,Not Significant,Adjusted,Extracted,AHR=1.17,0.86,1.6,0.31,Not Significant,Adjusted,Extracted,Vital signs; Laboratory results,Retrospective observational study,990,"NYU Langone Health between March 1, 2020 to April 8, 2020",,Y,N
3,2020-05-22,Interim Analysis of Risk Factors for Severe Outcomes among a Cohort of Hospitalized Adults Identified through the U.S. Coronavirus Disease 2019 (COVID-19)-Associated Hospitalization Surveillance Network (COVID-NET),http://medrxiv.org/cgi/content/short/2020.05.18.20103390v1?rss=1,MedRxiv,RR 1.03,0.89,1.18,,Not Significant,Not Adjusted,Extracted,RR 0.82,0.54,1.25,,Not Significant,Not Adjusted,Extracted,,Retrospective observational study,2490,"101 counties located in 14 states 113 (California, Colorado, Connecticut, Georgia, Iowa, Maryland, Michigan, Minnesota, New Mexico, New 114 York, Ohio, Oregon, Tennessee, and Utah)",,Y,N
4,2020-05-22,Interim Analysis of Risk Factors for Severe Outcomes among a Cohort of Hospitalized Adults Identified through the U.S. Coronavirus Disease 2019 (COVID-19)-Associated Hospitalization Surveillance Network (COVID-NET),http://medrxiv.org/cgi/content/short/2020.05.18.20103390v1?rss=1,MedRxiv,RR 1.06,0.83,1.37,,Not Significant,Adjusted,Extracted,RR 1.26,0.86,1.82,,Not Significant,Adjusted,Extracted,"age, sex, race/ethnicity, smoker, hypertension, obesity, diabetes, chronic lung disease, cardiovascular disease, neurologic disease, renal disease, immunosuppression, hematologic disorders, and rheumatologic or autoimmune disease",Retrospective observational study,"2,490","102 counties located in 14 states 113 (California, Colorado, Connecticut, Georgia, Iowa, Maryland, Michigan, Minnesota, New Mexico, New 114 York, Ohio, Oregon, Tennessee, and Utah)",,Y,N
5,2020-05-20,Type 1 and Type 2 diabetes and COVID-19 related mortality in England: a whole population study,https://www.england.nhs.uk/wp-content/uploads/2020/05/valabhji-COVID-19-and-Diabetes-Paper-1.pdf,NHS England,,,,,,,,AOR 1.12,1.03,1.23,0.01,Significant,Adjusted,Extracted,"age, sex, deprivation, ethnicity, region, heart disease, cerebrovascular disease, heart failure, diabetes",Retrospective observational study,"61,414,470","All individuals registered with a GP practice in England and alive on the 19th February; data extracted on May 11, 2020.",,N,N
6,2020-05-15,Risk factors for clinical progression in patients with COVID-19: a retrospective study of electronic health record data in the United Kingdom,http://medrxiv.org/cgi/content/short/2020.05.11.20093096v1?rss=1,MedRxiv,AOR=0.74,0.4,1.36,0.32,Not Significant,Adjusted,Extracted,AOR=0.83,0.47,1.47,0.53,Not Significant,Adjusted,Extracted,Age; Ethnicity; Laboratory values; Vital signs,Retrospective observational study,"3,753",Emergency department of Chelsea & Westminster Hospital NHS Foundation Trust between 1st January 2020 and 23rd April 2020,,N,N
7,2020-05-07,OpenSAFELY: factors associated with COVID-19-related hospital death in the linked electronic health records of 17 million adult NHS patients.,http://medrxiv.org/cgi/content/short/2020.05.06.20092999v1?rss=1,MedRxiv,,,,,,,,AHR 1.33,1.03,1.73,,Significant,Adjusted,Extracted,"age, gender, obesity, smoking status, diabetes, cancer, hematological malignancy, asthma, chronic respiratory disease, heart disease, hypertension, chronic liver disease, stroke or dementia, other neurological disease, reduced kidney function, organ transplant, spleen disease, rheumatoid arthritis/lupus/psoriasis, immunosuppression",Retrospective observational study,"17,425,445","TPP general practice in England from February 1 to April 25, 2020.",,N,N
8,2020-05-06,Correlation of coagulation parameters with clinical outcomes in Coronavirus-19 affected minorities in United States: Observational cohort,https://doi.org/10.1101/2020.05.01.20087932,MedRxiv,,,,,,,,OR 1.99,0.84,4.71,0.12,Not Significant,Not Adjusted,Calculated,,Retrospective observational study,217,"Montefiore Medical Center/University Hospital for Albert Einstein College of Medicine, Moses Campus between March 20th to March 31st 2020",,N,Y
9,2020-04-26,ICU and ventilator mortality among critically ill adults with COVID-19,https://doi.org/10.1101/2020.04.23.20076737,MedRxiv,,,,,,,,OR 0.45,0.17,1.16,0.1,Not Significant,Not Adjusted,Calculated,,Retrospective observational study,217,"ICU of Emory Healthcare acute-care hospitals in Atlanta, Georgia from March 6, 2020 through April 17, 2032",,N,N
