,Date,Study,Study Link,Journal,Severe,Severe lower bound,Severe upper bound,Severe p-value,Severe Significant,Severe Adjusted,Severe Calculated,Fatality,Fatality lower bound,Fatality upper bound,Fatality p-value,Fatality Significant,Fatality Adjusted,Fatality Calculated,Multivariate adjustment,Study Type,Sample Size,Study Population,Added on,Critical only,Discharged vs. death?
0,2020-05-12,Early outcomes of tocilizumab in adults hospitalized with severe COVID19. An initial report from the Vall dHebron COVID19 prospective cohort study.,http://medrxiv.org/cgi/content/short/2020.05.07.20094599v1?rss=1,MedRxiv,,,,,,,,OR 2.55,0.86,7.55,0.09,Not Significant,Not Adjusted,Calculated,,Prospective observational study,82,"Vall d’Hebron University Hospital, in Barcelona (Spain) from Mar 13, 2020 until Mar 25, 2020",,N,N
1,2020-05-13,Effects of pre-existing morbidities on occurrence of death among COVID-19 disease patients: A systematic review and meta-analysis,http://medrxiv.org/cgi/content/short/2020.05.08.20095968v1?rss=1,MedRxiv,,,,,,,,OR=2.02,1.8,2.26,,Significant,Not Adjusted,Extracted,,Systematic review and meta-analysis,36398,"Medline, Web of Science, Scopus, and CINAHL were searched, concluded on May 01, 2020",,N,N
2,2020-04-23,Risk factors of critical & mortal COVID-19 cases: A systematic literature review and meta-analysis,https://doi.org/10.1016/j.jinf.2020.04.021,Journal of Infection,OR 5.15,2.51,10.57,,Significant,Not Adjusted,Extracted,,,,,,,,,Systematic review and meta-analysis,3030 patients from 13 studies,China,,Y,N
3,2020-04-15,"Risk factors for disease severity, unimprovement, and mortality of COVID-19 patients in Wuhan, China [Clinical Microbiology and Infection]",https://www.clinicalmicrobiologyandinfection.com/article/S1198-743X(20)30217-2/pdf,Clinical Microbiology and Infection,OR 1.90,0.99,3.64,0.05,Not Significant,Not Adjusted,Calculated,OR 3.22,1.15,8.97,0.03,Significant,Not Adjusted,Calculated,,Retrospective observational study,663,"Renmin Hospital of Wuhan University from January 11th to February 6th, 2020",,N,N
4,2020-03-30,"Risk Factors Associated with Clinical Outcomes in 323 COVID-19 Patients in Wuhan, China",https://doi.org/10.1101/2020.03.25.20037721,medRxiv,OR 3.57,1.31,9.78,0.01,Significant,Not Adjusted,Calculated,,,,,,,,,Retrospective observational study,323,"Tianyou Hospital from January 8 to February 20, 2020",4/10/2020,N,N
5,2020-03-12,Prevalence of comorbidities and its effects in patients infected with SARS-CoV-2: a systematic review and meta-analysis,https://doi.org/10.1016/j.ijid.2020.03.017,International Journal of Infectious Diseases,OR 2.46,1.76,3.44,,Significant,Not Adjusted,Extracted,,,,,,,,,Systematic review and meta-analysis,1576,"PubMed, EMBASE, and Web of Science databases from Jan 1, 2020 to Feb 25, 2020",,N,N
6,2020-03-05,Prevalence of comorbidities in the novel Wuhan coronavirus (COVID-19) infection: a systematic review and meta-analysis,https://www.ncbi.nlm.nih.gov/pubmed/32173574,International Journal of Infectious Diseases,OR 2.46,1.76,3.44,,Significant,Not Adjusted,Extracted,,,,,,,,,Systematic review and meta-analysis,4 studies enrolling 1145 subjects,"PubMed, EMBASE, and Web of Science published between Jan 1 and Feb 25 2020",4/10/2020,N,N
7,2020-03-03,Epidemiological and clinical features of 2019-nCoV acute respiratory disease cases in Chongqing municipality China: a retrospective descriptive multiple-center study,https://doi.org/10.1101/2020.03.01.20029397,medRxiv,OR 3.37,1.41,8.03,<.01,Significant,Not Adjusted,Calculated,,,,,,,,,Retrospective observational study,267,"Qianjiang central hospital of Chongqing, Chongqing three gorges central hospital and Chongqing public health medical center from January 19 to February 16, 2025",,N,N
